"date","삼성전자_ema5","kospi_ema5diffn","kospi_ema20diffn","LS.ELECTRIC_ema5","인프라_ema5diffn","인프라_ema20diffn","SK하이닉스_ema5","반도체_ema5diffn","반도체_ema20diffn","로보티즈_ema5","로봇_ema5diffn","로봇_ema20diffn","에이비엘바이오_ema5","바이오_ema5diffn","바이오_ema20diffn","한화오션_ema5","조선_ema5diffn","조선_ema20diffn","한화에어로스페이스_ema5","방산_ema5diffn","방산_ema20diffn","비에이치아이_ema5","원자력_ema5diffn","원자력_ema20diffn","KB금융_ema5","금융지주_ema5diffn","금융지주_ema20diffn","미래에셋증권_ema5","증권_ema5diffn","증권_ema20diffn","현대차_ema5","자동차_ema5diffn","자동차_ema20diffn","삼성SDI_ema5","이차전지_ema5diffn","이차전지_ema20diffn","OCI홀딩스_ema5","태양광_ema5diffn","태양광_ema20diffn","대우건설_ema5","건설_ema5diffn","건설_ema20diffn","에이피알_ema5","뷰티_ema5diffn","뷰티_ema20diffn"
2026-03-31,1,-4.96349707941777,-8.49756398003712,1,-6.13098540448223,-7.87316965210561,1,-7.24522155807248,-12.1268739467144,1,-4.96135094031752,-12.3855435307103,1,-5.8523902833161,-6.2523066982049,1,-3.67255600626056,-10.7108219862623,1,-5.67325423632564,-9.34132160715177,1,-5.02950160019004,-3.4625096085838,1,-2.74718699419449,-5.03382911612639,1,-3.6967464434793,-6.03870825359793,1,-4.96729244500091,-8.8311933060761,1,-0.721006655623707,-0.531594795698339,1,-2.32663174536492,-1.24539362719885,1,-4.96729244500091,-8.8311933060761,1,0.0847365056082888,0.465936465288944
2026-04-01,1.02343496601094,2.24984488527857,0.109879258732797,1.00744643945906,1.60043851753148,0.722474093769176,1.00340887328566,2.15400035252855,-1.06199947426707,1.02835421295651,1.13054479695466,-4.75678243209388,1.01396570605603,-0.245115459858396,-0.675737739831966,1.01258448493238,0.948364560737289,-4.76792853067722,1.00435758663528,2.97633674211701,1.03896852822675,1.01082817612935,3.81135784181441,6.44524815653124,1.00334086674556,1.59869847650908,0.204397444808617,1.01623331450366,2.9808298393822,2.09339713628913,1.00952579861156,2.2541638478524,-0.158641890578888,1.0231270522279,2.53013899711957,3.59744854903452,1.01448280722518,1.25787853139418,2.64510250323953,1.06592078295766,2.2541638478524,-0.158641890578888,1.01335336798237,1.8016439646047,2.7809473592008
2026-04-02,1.01789485265314,-1.75665587024139,-4.41694724712788,0.997388954034112,-1.88122199911791,-3.3831353726049,0.980529027556956,-2.80548035545291,-6.90634951472028,1.02900363140759,-1.80368810791672,-7.98116193096574,0.984130310576799,-5.96286475555574,-8.51588000857487,1.00077057521485,-1.7298373643756,-7.70452122432529,1.02908189241415,2.34158605370557,1.43469412431872,0.98902129074282,-2.50799578312489,-0.833037522267035,1.00148170827468,-2.04133336240183,-4.09164187748464,1.00081178184266,-2.53977550681575,-4.30595053718491,1.00040371378278,-1.35571447713272,-4.11867343151292,1.04762162464181,1.16667532731732,2.55673503556129,1.04385954578497,1.02200459632207,2.63861649465811,1.0494748605619,-1.35571447713272,-4.11867343151292,1.01821850470057,-1.64523318404312,-1.3082567374833
2026-04-03,1.02887475107663,0.802533548834338,-1.24775161887095,0.994975900435857,-0.366795420709945,-1.83891475848248,0.98254462817982,0.820893592445588,-2.45054908367537,1.01861975322737,-1.65258558359827,-7.86900644826771,0.958454943547142,-5.3465503496807,-9.61074298548588,1.01664747690996,2.69417717093769,-1.44262121756073,1.05368355289508,3.92007879693064,4.52931624511327,0.978975435046396,0.486920220459186,2.12838383002633,0.997972045423031,-1.05282592351193,-3.27547566059114,0.998403882767696,-0.982951459907891,-2.91537117361554,0.99819047820605,0.264603358462323,-2.09748914047896,1.06023821056815,0.994218174635373,2.60283790518897,1.10736927240396,6.68080250120607,10.3964664499616,1.04613734611466,0.264603358462323,-2.09748914047896,1.00884596479379,-1.45583398383112,-1.66927596412782
2026-04-06,1.0491749167651,1.22576805813851,-0.172101847299177,1.00624300809215,0.786180550695919,-0.244441106114298,0.987642455647671,0.686438602141856,-2.0220511507767,1.00561270437836,-2.68605260781442,-9.40122794138068,0.936709949492568,-5.98195841670466,-12.1092594173644,1.01085080803535,0.294940776433707,-3.42915382346023,1.07033837206866,1.59934975693631,2.73048728898147,0.969168304757652,0.0556378294193772,1.56666351588028,1.00108080747915,-0.00919386885732968,-2.00276922359891,0.99732349156432,-0.230556697941092,-2.05024732974148,0.995308386254609,0.143999575998412,-1.94274479956054,1.08102636457326,2.05747325988301,4.21695001735014,1.12640182299912,2.56526552761416,6.94527735467083,1.05421832812723,0.143999575998412,-1.94274479956054,1.01168109921355,-0.94816697145979,-1.4798482814214
2026-04-07,1.06910441759813,1.42986524558678,0.687559542114664,1.0090332828428,-0.294686074198057,-1.34394171841091,1.00230328845073,1.71955154667811,-0.070154672934745,0.985448463176347,-2.52119195018392,-9.56208394146141,0.921056266114152,-4.33421870676131,-11.453069887709,1.00398312928475,0.0449845086639422,-3.31605540637665,1.10351454505937,2.21413447030263,4.01039890972509,0.956410431582898,-0.330409365506729,0.926246229526485,1.00042904687129,-0.501969427990418,-2.49836931179538,0.987680358369833,-1.00763892065459,-3.03493681226729,0.996200194754222,0.257814658871724,-1.53352626907577,1.09736055325417,1.19119277959936,3.57583083432374,1.10914931610727,-0.532884937612524,3.37651166080019,1.06043012880047,0.257814658871724,-1.53352626907577,0.995404200111495,-1.97263390069324,-3.16777292539319
2026-04-08,1.10872745694855,5.27719741804755,6.53449290144309,1.0108934660099,4.73239539523335,5.54319021180866,1.05600007350163,6.83841397513998,7.80211897789879,1.00310400417438,3.18215748028728,-1.59843669592078,0.919490969039689,-0.808240994361479,-7.34504220422911,1.01797011612299,2.65846341801465,0.686923220692183,1.11218524784581,1.77049870437717,4.02067173076531,0.964836823325503,9.42912551417154,13.7696196609635,1.02110762180028,3.79030992084016,3.44892882401269,1.01379384339617,5.95805170571463,6.43229390082059,1.02141026117565,4.49403780403004,4.58366218237471,1.12062710909566,2.9086281838342,6.03569721854277,1.09298619141587,1.16204524944636,5.03405911761885,1.17175364234755,4.49403780403004,4.58366218237471,1.00221528418327,1.07645133249656,0.41762176678645
2026-04-09,1.12291506040826,2.20373719303233,4.15201665114189,1.01213358812129,2.35037803036163,3.93266779537389,1.07865860218476,2.73224488489999,4.60561501442954,1.00540964400225,1.12379460383694,-2.86700369130717,0.913048007838334,-1.33753438895241,-7.79976214089177,1.01582788501187,0.785779962556934,-0.744475876426208,1.10959321422212,1.60011666315581,4.19440727933571,0.962852456768185,4.55254783344704,10.2183195668309,1.0308069354517,1.6846335694294,1.97336395378593,1.03120283341373,2.80142250629041,4.23901837616943,1.02520590762895,1.45465026966669,2.05721998810106,1.14315183446514,2.87757850507911,6.69351636878895,1.08723080172588,0.920798761642058,4.74513836507668,1.2624589046761,1.45465026966669,2.05721998810106,1.03703432142317,2.87853509572871,3.33003087071524
2026-04-10,1.13613584920927,2.464743143926,5.0808201983399,1.01296033619556,3.07261409539657,5.56846032824985,1.10465115975941,2.87859952406717,5.57399364962572,1.00221437680208,0.843837422319765,-2.4603302416011,0.912802272734549,0.0136150138548508,-5.74995119396346,1.01412670977105,0.804688587537017,-0.286561307624284,1.12207307423927,1.89712320444011,4.89217093910519,0.95634639046698,3.12892342426061,9.36500658449246,1.046581062424,2.94150895080455,4.24603257085398,1.03651032859955,2.58551533915109,4.79518556421758,1.02773633859781,1.59083507162986,2.69901867989459,1.15899345782619,1.74724483922467,5.83290165412019,1.07676026846143,0.959882718868573,4.74468897557651,1.34251046368553,1.59083507162986,2.69901867989459,1.08800213456471,3.33568986006018,4.92656602376335
2026-04-13,1.13554374217361,1.18867661872749,3.99667461098726,1.05986441777687,4.59949101264579,8.41116298729197,1.1268598533109,1.35312436141958,4.29638894141608,0.987915271877577,-0.744038297075941,-4.05834067156301,0.907431856292873,-0.402852251005978,-5.79360859227882,1.00398289444125,-0.745327050722877,-2.01797363177783,1.13622836120232,1.13202040546904,4.25161785146341,0.952009012932844,1.48136350704856,7.70541270009941,1.0532377664914,1.91331137700686,3.77779013175006,1.0337501605642,1.65508118136109,4.24751871697698,1.02168698395881,-0.140963965616548,0.829696623166118,1.16666655083202,-0.0100909461763852,3.74915755588733,1.06493917285123,1.02000998196936,4.78893524663096,1.38454157888334,-0.140963965616548,0.829696623166118,1.12854097813958,3.29784113048389,5.891016279872
2026-04-14,1.14549556700981,2.54818293369322,5.93110460236192,1.10486800288987,4.91867957927992,10.0235647740248,1.16531643944333,2.51768684389037,6.01439500231634,0.993255668005869,2.59946167886137,0.667392465092229,0.90558710967814,-0.494955658320435,-5.56557262551322,1.00814119755785,1.09490257241209,0.361786429874272,1.14388923387357,1.36758388847431,4.65225378282298,0.949808515278486,1.15483990989364,7.18422421091921,1.05608641249325,2.6902527731439,5.30147104954479,1.06917616264938,5.14829739574074,9.1878063410572,1.02679699105134,1.69098636051784,3.14964612652591,1.1660059676995,-0.3070579008929,2.99982423086543,1.04719767557293,1.78274868180128,5.77243845224598,1.40740932652652,1.69098636051784,3.14964612652591,1.14194163231973,1.04521400999316,3.80668489098404
2026-04-15,1.16059548651331,3.00823452140031,7.08165259545017,1.13744555497624,6.40834692939607,13.0877381531521,1.20334267280523,3.30819883156958,7.57404939623872,1.01709747674316,3.4115324825984,2.92706233204501,0.919591384160652,2.49170218219566,-1.01288673546098,1.01555475947024,1.17512830920181,0.935999888932109,1.14544451171284,0.227123123791975,3.31102370353817,0.956980108947234,4.37868347113591,11.0989083933245,1.06320702473126,1.8246758827933,4.83774137612434,1.07862187651458,2.41331458362027,6.9888953802526,1.04180812537373,2.9898988030826,5.33995366598866,1.16597814883518,0.569406785401521,3.73007221426248,1.1194554591341,3.88749581935352,8.73681460627766,1.5257144080626,2.9898988030826,5.33995366598866,1.17812588484601,2.67077275491678,6.04833398755856
2026-04-16,1.18288985562288,3.20006149808202,7.96032745251151,1.16302666605035,4.78140867343571,12.4829966058169,1.23582627311312,3.00371924367894,7.88826021636649,1.04516094269242,4.31047551577498,5.42546116236957,0.929120403928221,2.0796253367047,-0.328056878382402,1.03715142524994,2.42463856873378,3.07961623822751,1.14901848546871,0.911160346678844,3.99490057853088,0.974546287708446,4.30765791517694,11.7938729580038,1.07726201742797,1.31066874986974,4.50094726877297,1.09331701663701,1.86989059280168,6.66091078660868,1.07010136862571,4.17170910521119,7.71622556901386,1.17214815128607,1.33944351031499,4.63605803864345,1.28416365059569,6.6477309889435,13.1316639377164,1.6066456607488,4.17170910521119,7.71622556901386,1.2037626355898,2.58583974525843,6.5273149772317
2026-04-17,1.19493097849169,2.04383457548157,7.08665860881744,1.17557420658046,2.72377130818752,10.7155653030944,1.24734595360966,1.64056995516258,6.6705683858395,1.0658980744571,2.45061973162971,4.34132723396057,0.930845001071799,0.998892472609305,-0.835670917297334,1.04636180026825,2.90971616745538,4.52971765673372,1.12704476475425,-0.155813908753145,2.61082544483515,0.990749141443848,2.09888444034978,9.70378734842536,1.08663201255911,1.0312537656705,4.27909248112186,1.09838990309921,0.916855457676925,5.60088484210485,1.09177673392761,3.75298769482207,8.25149879937519,1.20472880871134,3.25792209814096,7.29687271636652,1.33570094369301,3.30446115675918,10.4573091665337,1.66266102753507,3.75298769482207,8.25149879937519,1.22590018850656,2.53875726056892,6.96680761704795
2026-04-20,1.20013660386667,1.61328244632431,6.73449252974256,1.17900350641274,2.25289297614905,10.2394391195499,1.26929129674061,2.08765361899287,7.31521285076678,1.09730016766509,1.63374648775313,3.92786749739289,0.929487854370888,0.984943699156836,-0.315110889092294,1.04895277511278,1.84937856609491,3.97763434817384,1.11290304198388,0.166313408755698,2.71873186204996,1.00189658761832,1.30839076599855,8.66587885637678,1.08970036256038,0.797861924806261,4.01641826633004,1.09442357955492,0.0403461203291033,4.32931355479663,1.09849066884397,1.98266109472387,6.79377790487766,1.24707774152965,3.74239313248183,8.64426890962244,1.37991990596273,2.44040943622678,9.75977207075334,1.68763741541972,1.98266109472387,6.79377790487766,1.2356121713635,1.52142015447038,6.08166491639282
2026-04-21,1.21207239039602,2.73481412561342,8.22779385661148,1.18236269047219,1.61153423935532,9.40085104758512,1.30569526906637,3.34626407459173,9.12943579927738,1.11958699944719,1.49969893620285,4.09794491363618,0.920291108396817,-1.46564480124538,-3.20314626317988,1.05750562084442,4.09591868954123,7.40006005085746,1.09484901246935,0.328981298751358,2.74823784157831,1.0058727815593,3.04853702197957,10.5738895504339,1.09061081729236,0.468636236197752,3.55081944906359,1.09072961416552,0.397492692513424,4.39836861388162,1.11632934034093,4.14490779698777,9.79008566969064,1.36360032001745,9.26979661867933,16.5472447712614,1.45511731509224,5.19665311813004,13.3114164528806,1.80219526129475,4.14490779698777,9.79008566969064,1.23754507942265,0.335050564189529,4.62333351632648
2026-04-22,1.21720779154469,2.16596443976179,7.88309197880518,1.20498884576577,3.2962956779981,11.2822879594579,1.32958917457828,2.2996752162746,8.34779184119875,1.1195717545573,0.62990639968535,3.21890866617487,0.903553921556571,-1.50615389998014,-3.62838630797429,1.07358232233515,6.70596305016683,11.9045354223526,1.08915579745056,3.75577864950622,7.16948438269443,1.00990575225675,1.32871857365134,8.68603539567943,1.08440711550049,-0.360897462584726,2.32714994666484,1.08984159511239,-0.208336542501177,3.36290100976867,1.12470528408818,3.82619406276807,10.2152787216554,1.45283399594879,6.75487606093901,15.6890961194671,1.53303835508919,6.2343101869185,15.4810139471957,1.87238356355833,3.82619406276807,10.2152787216554,1.26305633641573,1.77703542314341,6.20084142237047
2026-04-23,1.23379974504134,2.08346157291461,7.9494783063097,1.26900102750431,6.06825405741469,15.0270952987316,1.34626926366341,2.21302569544401,8.418375924167,1.10739266450632,-0.24519020208604,2.03319087039904,0.89837373715247,-0.237877374929376,-2.2212074626637,1.0826619963285,5.19273210271569,11.6961426711095,1.08764373044809,1.55593970153079,5.24585281465942,1.02365179728277,3.46593554263011,11.0992969691741,1.08163344862854,0.0971547119169582,2.55161857778927,1.08190133455788,-0.532368064693924,2.52765109640943,1.12395953953506,1.50613827199086,7.91883013868826,1.48839405957599,2.02144132488419,11.1494455884141,1.59932864871843,4.89638107771051,14.9120929483266,1.93360415336907,1.50613827199086,7.91883013868826,1.28208239537948,0.747001977287361,5.04303260479007
2026-04-24,1.2354550811361,1.32153377298534,7.10634179616591,1.33206251458396,7.89199458040408,18.3182964357268,1.35626309493771,2.1150663756047,8.42971851546588,1.133751897047,1.1520935424687,3.58436933030707,0.9020552417145,1.58483880677438,0.403226872822053,1.09008021815779,5.3138040955215,12.9232195731958,1.09627674885927,1.67477715595326,5.5789765720778,1.02210397308993,2.74045997467428,10.5794423843644,1.07842220305794,0.0807760316549665,2.32979632172284,1.07240882874872,-0.406440678733956,2.21911929289128,1.11009966161359,-0.430781974960101,5.34411241899042,1.5211773062561,2.68563393778904,11.734287417807,1.754679913447,8.22367470505625,19.513707239597,1.9651424874299,-0.430781974960101,5.34411241899042,1.30889631480049,3.89126620785695,8.96856156430698
2026-04-27,1.24596460476895,2.07738512088704,7.95800027572622,1.43633658790351,10.2623316352717,22.5924979234402,1.38920430515551,4.92411094402464,12.0883200324244,1.22636643395232,3.80001692591436,7.25654663770391,0.934399278869504,2.33692522566581,2.12332671225004,1.09120340304289,3.66560350486858,11.8460343569339,1.09974868479,0.593574817961566,4.36611712833243,1.02176317766311,2.20964948524461,10.0493640949813,1.07628137267754,-0.267872644656479,1.68111414771087,1.07552823878145,0.726090797202732,3.32553186588733,1.10859605161752,0.606446627011181,5.97820224202338,1.53808196535449,1.13140885953438,9.80552281736047,1.84569735633868,6.90182699615212,19.3445895246577,1.99441283678571,0.606446627011181,5.97820224202338,1.32576298393032,3.08502007038707,8.7453649023658
2026-04-28,1.24826797073934,1.84984626710225,7.79317033137696,1.51872844683834,6.23552903601096,19.7313767790942,1.4141683869428,3.23562671009507,10.8779292039299,1.259039244555,2.79323650837414,6.90548426020982,0.891747322823298,0.279935548216318,0.182863326856828,1.09304427763327,1.58482717025974,9.65116358914944,1.08709428975198,-0.341347309623084,2.98795761340917,1.0177350001857,1.81993756607304,9.52525434683703,1.07803246584343,-0.454132011238681,1.15431596725028,1.07655809577673,-0.0889490454596349,2.25152124722391,1.12939596924125,2.98051379166429,8.71618458799161,1.58648302824938,4.27523379597397,13.230879685971,1.88934341791266,5.03319984779406,18.0101537468823,2.09534373701102,2.98051379166429,8.71618458799161,1.34710020152534,1.91495262905853,7.73136257647895
2026-04-29,1.25732832104201,1.52377535672793,7.4213972122001,1.59833498873389,6.74447116357267,20.8583113103046,1.42818324253083,2.14909171138539,9.83194533130559,1.28352532424369,1.53732304069845,5.82562174227696,0.868326441719085,-0.136705340211399,-0.273783076143773,1.08990318869227,1.35432806659697,9.10300750605477,1.08500083105085,0.612044115589663,3.80505220892018,1.02368814063907,1.52400701998225,9.00667786020818,1.08328626425528,-1.00838690097988,0.10207094351131,1.07304566833411,-1.57105953151389,0.033392296864065,1.14396588177389,0.76442970472055,6.32494746717721,1.64515487651718,4.22877038306501,13.6667312594313,1.92561225911095,4.65038548411415,17.8121484314475,2.15747800800585,0.76442970472055,6.32494746717721,1.35325079604858,0.330798746068887,5.7875264191265
2026-04-30,1.25302199171715,-0.00598951167396115,5.41086768632541,1.66213585837686,6.66792146362636,21.3729431148129,1.43489861398602,1.04244623395998,8.40748909154264,1.28362414164807,0.777177179435932,4.94927085093761,0.838828272878538,-2.77420769423316,-3.89400348150853,1.08644402356455,0.0768084681582797,7.20301348539201,1.08284405535787,-0.270552097717971,2.55132075486316,1.01936385252054,-1.13809963562226,5.44760753721473,1.08656177414273,-2.20805796873834,-1.96903593640145,1.05548267948756,-3.62852457439188,-3.41744484379046,1.13609663720872,-1.19616213949735,3.53729875187779,1.67024206574538,1.17621420047571,10.3551321620339,1.94351645311279,3.48852290078034,16.5699495611521,2.15973808708831,-1.19616213949735,3.53729875187779,1.33060534789998,-2.57213111263428,1.65378871026136
2026-05-04,1.27272542446779,3.04100553915895,8.80420687220984,1.73900526495252,10.3470095302744,26.0849710933196,1.49981643716981,3.91729271962543,11.6544579820334,1.27963371098731,0.890436404128874,4.96195456704562,0.814727581062599,-2.00387436170547,-3.73497549774567,1.08741416748034,0.305346729756051,6.83732037394825,1.09358438983839,1.52714202958435,4.56045714623107,1.02235523640624,-2.02822188507268,3.31809700038557,1.08261584294916,2.02723865980884,2.95640452031572,1.07264213681964,4.17022704806788,5.83235578536564,1.13647688043309,1.1486386148126,5.71798365606845,1.6952182563781,3.36333501211791,12.5441446886128,1.93304174864848,2.6616502392086,15.3860144694149,2.10250065410545,1.1486386148126,5.71798365606845,1.31954549107096,-0.660930810233687,2.8675506897917
2026-05-06,1.348881020085,6.14029060196121,13.2157928350158,1.83638985536716,10.7276101698921,27.8856541603564,1.60090802923585,7.25330724214064,16.3367877747263,1.27224106346138,-0.455820495467153,3.12365044174421,0.789211451003141,-2.82359508425531,-5.43252045566995,1.08041633742201,-1.57725507990272,3.92767044066777,1.09262582286373,0.228764735923321,3.08789220126712,1.02296731759324,-1.00113339854783,3.45350228313975,1.08248246841162,4.24548448127788,6.56515414068783,1.15493987933232,10.4393827521236,15.4912731209729,1.14446668453425,2.48849056641234,7.40333420480817,1.70609307166351,3.41515656446108,12.7900722045334,1.89378701166856,2.19676551402779,14.4189187921443,2.06537296461462,2.48849056641234,7.40333420480817,1.30561195170445,-1.60973704201682,1.06340986012349
2026-05-07,1.40999798002312,4.90439274663309,12.9746495553097,1.90775082067116,7.08963093406945,25.1617871772736,1.6881991206587,5.76638694971132,15.9204726959914,1.25649580796316,-0.839987815077514,2.12451062350922,0.769886656279435,-2.19956994846789,-5.35650865070576,1.07493205388289,0.785971349599671,5.91217670074399,1.06255616460287,-3.1639622731066,-1.57813689832514,1.0285585269809,1.48776688976845,5.92049473558308,1.0876150669567,1.75360092453849,4.51403512114004,1.18461104837053,4.17532060769938,10.4504086450269,1.16526583783818,2.49772163084018,7.77915629595781,1.71004238939488,2.57927390832026,11.9426610580741,1.85058495332814,0.41467688836001,11.7989638437159,2.06123315490885,2.49772163084018,7.77915629595781,1.27563274386776,-1.94979105347176,-0.196284487296361
2026-05-08,1.44509904024006,3.50460923492764,12.0308489256198,1.94352197165662,6.08806535006689,24.2539256626874,1.75840628150895,4.12873679832414,14.7487139706825,1.28994231770984,2.81360868887123,6.3660364799439,0.764138420628395,-1.50580881207601,-4.90152848556921,1.0609010605205,-2.14018690629308,1.9202702186937,1.03997260389927,-3.81758595321695,-3.71057727876612,1.01293555359084,-1.38786042443783,2.27235983485525,1.09217191125563,0.0140426054396993,2.56063659357079,1.20754107680895,1.65585330545277,8.02491119768357,1.20796727216334,5.41591585664465,11.8528831017901,1.69947303138019,0.475658059004634,9.27941940440613,1.80475134741405,-0.803432443547395,9.37723444118836,2.05125908762084,5.41591585664465,11.8528831017901,1.28844811271247,0.86763675364388,2.71341824114133
2026-05-11,1.5004800322549,4.80745359185782,13.9423004513279,1.94805569056424,3.27735497423434,21.0887378762486,1.87804047356305,6.66626408936953,18.0672456115458,1.37038041887602,2.92263023519022,7.1285946677931,0.755678180826233,-2.32135206578853,-6.28253921163669,1.06355999628235,0.818277500272536,4.66314146955672,1.02694659425395,-0.952977706299888,-1.19873660824052,0.983169791682294,-2.30034950102606,0.257097670034037,1.08862615822882,-0.751530209919137,1.31042818885312,1.22177801274136,0.52772619771584,6.5293223893399,1.25964382090151,6.69049732895737,14.6194218707804,1.69737763139208,-0.556520174513853,7.3149098180244,1.7759884768419,-2.12355207031579,6.54676567509823,2.02915072196273,6.69049732895737,14.6194218707804,1.30102880054566,0.784774392808649,2.7298294526429
2026-05-12,1.52517293749089,2.08568713461832,11.2412052399941,1.91888864469816,-0.808011668836699,15.7664524846548,1.94090317986239,2.09800715631907,13.5514143982444,1.38006247290798,0.381536468690505,4.41532776170813,0.754473266880366,-0.0710694570511208,-3.60280836420697,1.04212582095028,-1.24576179143411,1.88225041016289,1.01039751004837,-1.90941915537624,-2.81791725289658,0.952614096199746,-3.90814934537722,-2.90947192505238,1.07445715874808,-3.38296701929728,-2.64554209008385,1.20450068618626,-4.08226201514545,0.252875708982276,1.29409485339363,5.03474025581155,13.940408410419,1.65059801009013,-5.09547903651014,0.708382170438585,1.78012049694462,-2.71619774200823,4.30815036966678,1.97421844411215,5.03474025581155,13.940408410419,1.28670718987375,-1.32968384673381,0.00453810873812861
2026-05-13,1.55104084055122,2.96030648010793,12.1019087179889,1.89086007408402,-1.93676467027568,12.6794419455189,2.03574437217039,4.41295172212075,15.8730348590702,1.40071425685219,1.31583303122982,5.37706179623498,0.741906947383555,-2.05038756810983,-6.07398913789657,1.02619824372842,-0.745565687569112,1.81470556812783,0.999872211617247,-1.29920465013282,-2.58549847183528,0.922913953071329,-4.80454716877799,-5.58820697463318,1.06137880090055,-3.01573437342138,-3.41822716288322,1.18563422063043,-3.57066399390353,-0.875633893230605,1.36207345853088,8.50802817216314,18.948481211933,1.62353729479578,-4.05276712403129,-0.199922121221829,1.78466804371702,-1.95023540194428,3.7215556080468,1.91286254559934,8.50802817216314,18.948481211933,1.26353420788938,-2.52178253491867,-2.18604318056719
2026-05-14,1.59086042822532,2.87302680725525,12.0550821739824,1.86144451862866,-3.90378729223388,8.43458823256175,2.09671937747749,3.13925790407198,14.596967015744,1.39487661965163,1.19313772140017,5.27605901517734,0.736807626299222,-0.252924713279046,-3.92404747615982,1.0128496472464,-2.95011262306396,-1.60268351047663,0.997929589722551,-1.06684123653625,-2.61510434859507,0.895166352915795,-1.88581582569796,-3.2549801414552,1.06174079115312,-0.909079477128796,-1.5920706423929,1.16990732784694,-1.90094884781577,-0.158431642826578,1.40879913018934,6.3916079213485,18.0090078244566,1.60714709749567,-1.5274054688474,1.35398202271612,1.84327860938649,1.48063586772797,6.93109984824063,1.94719235225913,6.3916079213485,18.0090078244566,1.2712989277026,2.06442855709268,3.08884168467341
2026-05-15,1.56943639220273,-1.94164679524921,6.1673334837595,1.79676881313214,-8.41523155763003,0.679385579862706,2.0806825658545,-3.15814331220499,6.92342478578752,1.37408357430811,0.0152920108726312,3.7585751035074,0.721259361818311,-2.14027744720336,-6.32413928787685,0.997671096089926,-5.10293159616384,-5.65059798989412,0.973800411692196,-4.50962638361581,-7.59998673037822,0.883233282811897,-6.10359037386113,-9.6105980734486,1.06107402843975,-2.22073422954406,-3.64662989916445,1.14682573633949,-3.74715094334075,-3.45130531636259,1.43150996855992,2.85446965389703,14.6218181383057,1.57806722410498,-4.61239293510554,-3.51427438245342,1.75057661709542,-8.57097748535406,-5.98302717923292,1.885569758551,2.85446965389703,14.6218181383057,1.25528058741031,-1.89694905723168,-1.60111466554881
2026-05-18,1.57490623061731,-1.19056808242094,5.70971299845241,1.74184885025058,-4.95981358764179,1.4232485189293,2.07787495491632,-3.13817874756245,4.99943813809919,1.32979922710145,-3.03792598882109,-0.581246223273489,0.697202440839193,-5.78902448849233,-11.8844303647267,0.981272575150477,-4.66686267563513,-6.83805214871633,0.96050512705462,-2.9874020093131,-6.84960850065155,0.864911592216646,-4.55376571661325,-9.37486011395951,1.05472693789939,-3.61119786008954,-6.23134397475079,1.13458725774747,-3.63668969072304,-4.66343120848557,1.420628398485,-1.05303913476612,9.70347070662075,1.55785550206313,-3.84011854037941,-4.20715275093048,1.73718268990695,-3.21270977099103,-2.09954230517588,1.86097761604276,-1.05303913476612,9.70347070662075,1.24258313958042,-2.97944348579237,-3.76911414108644
2026-05-19,1.56820622670039,-2.95726783939443,2.42990250120873,1.68377585823767,-6.17667204748058,-2.37059235337139,2.04033932395775,-5.3359048602703,0.468361146878409,1.25700903370657,-7.53949203860437,-7.8310306752377,0.680778819961326,-4.35985687162862,-11.4709775787229,0.959692402354462,-5.37464705786549,-9.32229348136492,0.96661062295475,-2.42531190371203,-6.80794582050141,0.839220928136033,-6.94074635884817,-14.0258934235417,1.05004149943161,-4.35034867167135,-8.34133232975874,1.10490840330877,-5.47841954459247,-8.40501622117341,1.37187927220993,-5.56974085388455,2.87633631759938,1.52292738638571,-5.58963395093341,-7.93254304386244,1.68612103757275,-6.4196446034547,-7.64260846837219,1.79820589197231,-5.56974085388455,2.87633631759938,1.22957642718169,-2.78900721667393,-4.50789888090772
2026-05-20,1.56468015404608,-2.85793225243979,1.0584302791127,1.63433068851646,-6.41649244328264,-5.15267087113315,2.01531556998537,-3.33229619700038,0.712252827288267,1.18752464196983,-8.50782237230978,-11.8229125376506,0.658838042960093,-5.20172304832805,-13.705599393643,0.941483324156024,-2.90977761009224,-7.48643064129611,0.961293602661644,-2.71253628043636,-7.7101647619907,0.811727508222974,-6.89373111774335,-15.9699470261331,1.04442062752825,-4.38483385159128,-9.63879458214836,1.06202800709914,-6.40363058896729,-11.4421173337844,1.3309402452915,-3.06781565367395,3.40815461792435,1.48561459965043,-6.54094853538416,-11.0815314071546,1.62160120205015,-7.10611177265571,-10.7945801067686,1.74811328261009,-3.06781565367395,3.40815461792435,1.21333570695119,-3.7664502328042,-6.7100803574599
2026-05-21,1.606537480254,3.10845690972417,7.50291629837722,1.67218419733885,2.44936692036089,4.35917437481053,2.07183789486299,4.4615994240601,9.35937254684659,1.20204634810063,1.4376157000711,-0.75353691115183,0.651152982344807,-1.89150290293865,-10.0880963521968,0.937807594859489,0.480172710586798,-3.34305654295648,0.957495210279938,0.275906608776377,-4.00958736687384,0.812403464245238,-0.184180087493664,-7.9534049985754,1.04998129746405,0.687147820567889,-3.5744066426693,1.05706044438982,0.913604014491863,-2.98567810385954,1.35569181865649,7.40201951107883,15.0992232621889,1.4986958384376,0.138706505527706,-3.65966470169206,1.58396657848015,-0.349090719948179,-3.60585646952611,1.74975858129176,7.40201951107883,15.0992232621889,1.21209669306389,-2.14103295294682,-5.55472981493845
2026-05-22,1.62127401166173,2.48416247260129,7.32195195327778,1.71780656914106,2.61272643672513,5.24773075224712,2.10989485415333,2.45026533510262,7.79314469611921,1.21307958849795,1.96575518009563,0.715731598841981,0.665891796861752,2.85456672541378,-3.0925957367786,0.958836929001855,2.46387281191128,-0.00351563503729143,0.958261207114066,2.79347557855254,0.0659850811226007,0.813199645277614,1.26619748270693,-5.16470332859461,1.06322335101305,1.68855309712987,-1.49242816582186,1.05899748438296,1.8525465489327,-0.947341517700903,1.36445655894823,5.22436959181988,14.0216719722975,1.53299599751886,2.04902122425225,-0.554808117403127,1.61983429736641,3.38039271408823,1.80021885194244,1.75497784373717,5.22436959181988,14.0216719722975,1.2026918280235,-0.0218409852984071,-3.05447342593223
2026-05-26,1.64332612204079,3.63467372409201,9.17660574635168,1.75680535704596,1.11713979534117,3.92310809361015,2.17693660063084,4.47117933300027,10.6911336567337,1.23192795739883,1.5393124270909,0.962052636832926,0.67051108016723,2.62808352166459,-1.75384272729711,1.00698413093987,6.00499535424172,6.0670073368847,0.956234749807126,3.703582194838,2.62867542840899,0.822023481053319,1.43582732176208,-3.81750787588045,1.0659217822605,-0.306514643509178,-3.35690623447323,1.05713959529877,0.363065154039025,-2.07425955562904,1.39421194578094,7.36119972753264,17.4611032350299,1.55173707133274,1.06158220303452,-0.92610985385884,1.72532154498516,4.60007131966906,4.86535406102507,1.77700813699342,7.36119972753264,17.4611032350299,1.19490800227031,-0.973103299641389,-4.10389276891287
2026-05-27,1.67307707493831,3.907868922068,10.201782239698,1.73237429293331,-3.71151460336803,-2.32670573326539,2.29333428832068,3.88147044749929,10.8156990079578,1.23029645540985,-0.0568274245832814,-0.60802301129774,0.675518970163161,2.45152470100798,-0.594811277784279,1.03962830789871,3.02944164799472,4.16836315155741,0.953107792965049,1.43108493955447,0.95392772288834,0.817885271395338,-2.56428606844433,-8.48784405301923,1.05977495287675,-1.53502118858217,-4.89804045207124,1.04330400625753,-1.70531641662052,-4.58420598719812,1.40842246406826,5.62731111570234,16.6685634494531,1.55432944316529,-1.62710844982278,-4.07026641598323,1.84584664444046,1.23736433149673,1.92620160444532,1.73604264428631,5.62731111570234,16.6685634494531,1.1851770379227,-2.04442967758692,-5.66593271587912
2026-05-28,1.67880209418214,2.02341539540344,8.49227633626015,1.68389739172038,-6.09760817293854,-6.95674493243389,2.38820157788923,1.57112854411106,8.50559664524689,1.21568775764935,-1.67399261283549,-2.78277985748228,0.671144092324667,0.945864897371974,-1.50171441682466,1.03217782769623,-1.68215288545215,-1.19346380373054,0.939859818873022,-1.55853584386287,-2.56337649788166,0.800613630220305,-3.72584928898859,-10.5739613974847,1.04636914874955,-3.03925225132354,-7.25804807199157,1.02095840906499,-3.41773078250304,-7.33067873158384,1.41508293979257,5.72004556794235,17.4400630050175,1.59401412099768,2.64918494710263,1.5066702160585,1.88316790985016,-1.00067374245062,-0.71754320240548,1.68193673754034,5.72004556794235,17.4400630050175,1.19433352419575,-1.38466008067113,-5.15682502539489
2026-05-29,1.71553965550522,3.3954518915486,10.2775153418249,1.64084961586583,-6.07977327288947,-9.0505758609441,2.46796444996641,1.48314644186489,8.24522303237946,1.25056802404291,3.820849065166,4.25531521979604,0.66321375083908,-1.77073576787634,-4.69814434062434,1.02475365039388,-1.9067574585683,-2.14047274402806,0.924177607114836,-2.80686899467166,-4.7422021018058,0.785643765928289,-2.43460016796532,-9.4955939463611,1.03947514748204,-2.47958621926002,-7.20735322602407,1.00291209519034,-3.05380519626341,-7.72454819541126,1.45187509298204,10.9528562217086,24.2639297620356,1.63037225026264,2.85750014843722,2.86171502296513,1.88205218624993,-1.34214121672114,-1.56274356138188,1.66132512050912,10.9528562217086,24.2639297620356,1.19539146262355,-1.29173878576053,-5.18459909501146
2026-06-01,1.80022954696649,4.4564238326408,12.0626288527544,1.66687329136375,0.105150568788244,-2.38711775289902,2.53240197917569,3.55934022781428,10.7091465553733,1.37793346418434,7.77740951322799,10.9160802491715,0.657926856515356,-1.47956488235212,-4.66826389116651,1.02417253752689,-1.98582144816569,-2.90872443005148,0.904842872755458,-2.68660918485944,-5.41795914023199,0.771862875874084,-2.77828218250332,-10.2671146309404,1.03828448244363,-0.489461204511036,-4.86891940249807,0.988256845040902,-0.41401502115638,-4.68802714521625,1.49539231626223,8.47376175308348,23.3057222830951,1.62490597097585,0.16543115815246,0.228429606176934,1.88399767057231,0.134719036674175,-0.0137182897880254,1.60739067507647,8.47376175308348,23.3057222830951,1.22738434658498,0.497464152736957,-2.77611880366856
2026-06-02,1.87832319695092,3.22833376230129,11.2353063404409,1.62950021562807,-5.52757989000135,-9.94615822487956,2.5742341038661,1.85444508862294,9.03778261532896,1.46622401505393,4.5361022828231,9.02585736198464,0.645146094896602,-3.1177001334525,-7.20706655297099,0.99948624510861,-3.94765716481511,-6.22476537884411,0.874700621180637,-5.75847580831737,-10.4295129788213,0.748162781101569,-5.5889452380562,-14.7301233740328,1.04770671317115,-0.253941308036078,-4.30272140384202,0.962215558029944,-3.27086449136272,-8.47899237863676,1.509634481996,2.68451697496994,17.7146740785744,1.58000479571506,-3.27120602200396,-4.37959939477257,1.82344075883568,-4.97648601210419,-6.8983227433639,1.54154700235358,2.68451697496994,17.7146740785744,1.22297636854602,-2.04440823404837,-5.84245622451077
2026-06-04,1.91345489104846,1.34249239518682,9.15728328472271,1.60029289511924,-4.60911262856485,-10.3054956324546,2.57884680593353,2.32340567596117,9.54442083754211,1.44193004922808,-0.400045165098134,3.73779412757446,0.63450438257926,-3.12108994634582,-7.9917824629921,0.980571526329052,-3.0494539278291,-6.2112030708323,0.854098362424818,-5.0672687312123,-11.1768086268856,0.742383484761677,-2.87529726655465,-12.0728321857094,1.07124190174292,1.46815162211843,-1.58094447551448,0.947479074255649,0.146761895006596,-4.35364870973125,1.49873353643103,-1.55902998313717,12.184801993972,1.5541963777815,-2.59975414051922,-4.53717228787181,1.77410515082504,-3.60979969579642,-6.64507699550035,1.50074301803154,-1.55902998313717,12.184801993972,1.22407482512344,-0.661376664896887,-4.29847426060768
2026-06-05,1.8945491723833,-3.06873344044441,3.33192046257419,1.55399674383184,-6.81265928378645,-14.6760089947554,2.49632860384567,-2.93197213026223,3.00376661193954,1.3946357035448,-3.55953963298256,-0.902867051307775,0.615454027388906,-4.49744386968531,-10.6654062732788,0.960044099973747,-2.70938890164507,-6.56582386176952,0.835542991714525,-4.46915437258146,-11.6790555977411,0.727473222640699,-4.38544266088595,-14.5727761555893,1.10373168410331,1.30591586851227,-0.972652304212769,0.927682129654013,-1.19968668943903,-5.77931188693814,1.49146623938772,-2.5643856262498,9.23474557514971,1.50481031435151,-4.41495052174815,-7.8133474685312,1.71790747833378,-6.42379652977901,-11.6239306817102,1.4488059818711,-2.5643856262498,9.23474557514971,1.20865869509484,-2.0123684677166,-6.09883696102913
2026-06-08,1.8189253861564,-8.88429612079845,-5.68984669526996,1.48235924446567,-9.72184986182626,-20.8259416051145,2.38162637898396,-10.4603293099742,-8.16006066094394,1.32119094747563,-8.48776751943878,-8.90256873088196,0.581156071321816,-12.265406171224,-22.9687910586939,0.921514222896429,-6.84664570498935,-13.037873294208,0.812263120563322,-8.0526192803246,-17.926966863581,0.69161727157842,-10.5797697668089,-24.5894125765856,1.07976003920184,-5.46320516506239,-9.67436647880218,0.879579989287216,-9.20095105476793,-17.1464348870857,1.44372002690009,-8.09682166071625,0.684082281693648,1.41825218627439,-10.5619777479222,-17.745377159601,1.61679559535081,-11.9727949333786,-21.4636440329689,1.3863551136585,-8.09682166071625,0.684082281693648,1.17516790060631,-5.10534892542447,-10.8305869035348
2026-06-09,1.81836114972439,0.00272420457912886,2.65798076132424,1.45927954749388,-2.32452060934591,-12.6303585813673,2.41928267814211,0.955327271446206,3.15362764788375,1.27290382825125,-6.51264716547996,-9.21832103653921,0.565618564887748,-2.9540384553442,-13.0172761198675,0.893370447677514,-4.496044240023,-11.6979833246061,0.799280328325545,-3.99282253807774,-14.1821606740865,0.677734071045352,-2.69545532998418,-15.5842418667679,1.07127068137537,-0.496285840317898,-4.31315257674079,0.856697205524889,-2.34158263984934,-9.99215043469937,1.41188921857501,-1.88156272394742,5.00342772467989,1.37044844493301,-4.70456172254161,-12.6779828971987,1.5368376064348,-5.82285271571868,-16.2410466940482,1.35811899065405,-1.88156272394742,5.00342772467989,1.19220251316363,0.749253991978926,-3.8561332102045
2026-06-10,1.78130172378134,-3.23831905698511,-1.87572312074736,1.47930156049763,-0.337814068545909,-9.61714442791127,2.38169351246899,-3.00088660428278,-1.97411701945559,1.21975481929483,-7.37653294444448,-12.5636222041657,0.551017818122023,-3.43184592355055,-13.9563438062245,0.896449624204491,-0.0263968629950903,-6.27397449174039,0.794430816294898,0.577376938786339,-8.00460338536781,0.661222186655118,-1.85296556095456,-14.1855596142337,1.06379493039421,-1.89287814911576,-6.10277530637062,0.839867391810197,-3.33156131128404,-11.6229710090045,1.36464655070299,-5.41076723453532,-0.732709728975082,1.32331419808301,-5.35441504154887,-14.7099852804468,1.49697878077011,-0.620618949777216,-9.83251402527199,1.33311131366464,-5.41076723453532,-0.732709728975082,1.20910994586483,0.325721534581668,-3.73567185153561
2026-06-11,1.75001126345386,-1.96291656383717,-1.43464344672054,1.4787007749404,-1.28438916040385,-10.2716216064678,2.37653076539907,0.44575069084894,1.50083343100239,1.20054738237863,-3.92062082371696,-9.94855539469948,0.546876253542481,-0.271394342345383,-9.61202005587795,0.882940202051353,-1.15206567391953,-7.3122524322863,0.786884701107324,-0.347027732057306,-8.32135966119302,0.655051875307087,-2.90440925094624,-15.3740359222556,1.0531355367291,-1.26191876607718,-5.52155861052581,0.828122641153801,-1.54670418367013,-9.52741607258375,1.32963493487092,-3.99175621558658,-1.16169243781831,1.29354164641246,-3.04837606336258,-12.538828551616,1.50626356440518,0.097742179809884,-8.13837052432175,1.3102559340186,-3.99175621558658,-1.16169243781831,1.22038156766563,2.00045746418227,-0.861072154811686
2026-06-12,1.77335899787967,1.3048891002915,2.23050574767425,1.46327847283793,-0.148357795599752,-8.24740071089031,2.39148399324357,5.85717803204559,8.82365584616356,1.24655890392462,0.142263761680947,-5.04381649679947,0.540258474904896,-0.903866795466592,-9.76911423244677,0.896321656289005,1.52159420988554,-3.31924221424434,0.798091537572301,1.84647339247896,-4.48485259133241,0.715209459669503,3.17170197890597,-6.13756245914988,1.06805044583503,2.09700325860025,-0.840283314346697,0.826591305542095,1.50055438232868,-4.91414745196378,1.31332686548431,-1.50167381942806,0.479723476621912,1.30711143977845,1.30264819281855,-6.40189494364726,1.54203572077641,1.92644288687557,-4.62901301681944,1.32387579085795,-1.50167381942806,0.479723476621912,1.21124290921053,0.208305029333874,-2.35089776756351
2026-06-15,1.81620145624891,4.52057438728418,6.92606237101053,1.5281058300912,5.79217467326289,1.17966523989581,2.45325930513256,4.83804753033971,9.20996763771172,1.27993745757552,1.6554679904134,-2.33546405748537,0.545102787882776,-0.121051417471808,-8.12780677532365,0.934455890622471,5.55089297692627,3.45618984640577,0.807085035000101,4.77227246349834,1.05832303402787,0.710393836965182,5.43863711858888,-0.607928025500862,1.09706359908925,3.50234808953201,2.18132437629732,0.821896291208077,1.91557930359817,-3.12317419100866,1.33058685056563,2.63092860057002,5.26701659313301,1.32770992562861,4.36044039697083,-0.683087276456911,1.53540509105743,4.68821507786116,0.740235597239757,1.35459827787005,2.63092860057002,5.26701659313301,1.22735456755909,1.63933811420167,-0.0384300869042357
2026-06-16,1.85605025464535,4.19715685664785,7.83207165408338,1.57132406826005,3.98654666033914,1.24540282545516,2.52973132735308,1.59246211798254,6.21855637502287,1.277851973094,-0.608653512170818,-4.5311768587363,0.55373175968641,2.11417614851361,-4.1367543634283,0.975713941182649,4.88471477254563,4.76968882595723,0.838198206395913,7.26467151609691,6.71507670040907,0.708565596565766,6.76899070667994,3.9885559038759,1.12185423854929,3.93340614474984,4.1726805934699,0.817191657112258,2.13892170422007,-1.59596160953532,1.33717040180218,2.66995271024347,5.97488343185621,1.33814169040314,1.85061848483466,-2.1272389286456,1.59373500588162,6.45441921749186,5.3747247099795,1.46886445983909,2.66995271024347,5.97488343185621,1.22144260013582,-0.441994715321443,-2.15336213322676
2026-06-17,1.88920029660841,3.88567119246561,8.5061421475994,1.59477130618298,2.87837223798406,1.43483002750244,2.63289457819802,1.88911443383765,6.69652032731734,1.269025083734,-1.22230300763295,-5.25099409556157,0.577996738361372,4.24014456800348,0.344203977247824,1.01386713372582,3.74432705310979,4.97831629832724,0.869342520298191,5.05381199256213,6.36318705510299,0.706310138580223,2.54046604376126,0.85232093462995,1.12021954055414,0.939084714180475,1.49664811657882,0.809331360762293,-0.104626246778487,-3.6004498579568,1.32608681872339,0.21100161890812,3.34883749545266,1.34592134003422,0.926548844302403,-2.35845148309256,1.59945358174208,2.43820360241759,2.30291478280133,1.49042015877158,0.21100161890812,3.34883749545266,1.22658478287793,0.734192116020325,-0.528185728222436
2026-06-18,1.94139941654006,4.19955156539133,9.77483721116506,1.58250520967882,-0.487464942970829,-2.01616195614334,2.76323721575743,2.89218990119255,8.16609331161706,1.25232366701306,-3.39812715708313,-8.39628458735406,0.580674816265398,0.685657448179443,-2.71258394096541,1.01746090208167,0.0763370100727733,1.26216887138846,0.881225469712455,0.912811518814132,2.46946212537759,0.695476820449809,-1.07463011828791,-3.05087186211778,1.11708654040674,-0.957651202310051,-0.783109949776879,0.805665787735457,-1.75521657677183,-5.62484818453486,1.30674165001843,-0.977969228989418,1.55948819938681,1.32800385924264,-2.35774488783809,-6.30583205201205,1.55306569793958,-2.92757122547456,-4.10410513392091,1.46665845564354,-0.977969228989418,1.55948819938681,1.19922995160519,-1.90301466656773,-3.76610585302648
2026-06-19,1.96020868722606,2.62024238714088,8.61452320648357,1.61080927383224,0.165012802791018,-1.14904457234893,2.87978964784598,1.04888689385389,6.25992160241068,1.22293599901251,-5.46974404080706,-12.1555794627161,0.578217792391736,-2.10842728674481,-6.05517301025032,1.02886644615483,-0.878471009496114,-0.104347105855902,0.872148719506365,-2.04875469365714,-1.31539952025707,0.675123948363286,-4.17879212507138,-7.55112109752368,1.1041007990607,-1.4920066490861,-1.86494514929124,0.792987012875491,-2.31078168436627,-6.69602504219614,1.30228448028351,-1.2953959328158,0.55970016815534,1.34328848483418,-1.29899719784778,-5.32072166342175,1.4952474415126,-3.2638577403445,-5.51435967957219,1.41577694863503,-1.2953959328158,0.55970016815534,1.18856297605471,-1.97443905712729,-4.38276161417437
2026-06-22,1.97180760439309,2.08919635433151,8.23013344406399,1.59963509313922,-2.12457854159363,-4.11218232559588,3.01567972188711,2.97440477270399,8.58883123890093,1.20604842629905,-5.47316601576207,-13.6341070165363,0.573880061566771,-2.51228467187216,-7.03844673614866,1.00398062336096,-4.34023188229793,-5.15081483763618,0.866858689261212,-2.68208760585421,-2.96362699316092,0.660173192235472,-3.90156467909788,-8.39514995521063,1.09249234713095,-3.61161745917659,-5.25195184366583,0.770625312867225,-4.34087988320859,-10.0216916787525,1.27680740872231,-3.16474656921266,-2.55939936781933,1.33532516003792,-2.81049442180238,-7.55771621883183,1.4396697035408,-4.05713398360665,-7.59792025145597,1.39319253477116,-3.16474656921266,-2.55939936781933,1.16883569463548,-2.38069574460356,-5.44401848483305
2026-06-23,1.89770830958164,-6.04647549168395,-2.01661710346698,1.56536103506236,-6.25629784723623,-10.41683689062,2.96962409319958,-6.43408967794789,-2.9912568235382,1.14814249179101,-11.7013238705417,-24.1096612321952,0.560189381380034,-5.09711784818973,-11.2176817462882,0.954627534822331,-9.48529233801265,-13.6757798417856,0.85013896874338,-6.44319082581818,-9.01637868001628,0.633965468326221,-9.225059954323,-16.9741415101695,1.07726164040328,-5.50244042837327,-9.01820148345248,0.734984956420932,-8.00342662408413,-16.3791131800505,1.2105916395048,-10.6655406637577,-13.858834664001,1.27720733083134,-9.15044212838005,-17.1695647033867,1.34703901040506,-9.82298444541521,-16.8634811072283,1.32825525930465,-10.6655406637577,-13.858834664001,1.13802182354952,-3.91751357447971,-8.18283300414594
2026-06-24,1.905685173749,-1.46146987543192,1.53012241640495,1.52534391627095,-6.02316628552378,-12.0370253685537,2.96369735928844,-2.13836295978628,0.1184505892179,1.1108906384291,-6.59775040715239,-19.9992987879555,0.563982325463809,1.7490327714521,-2.75715746223281,0.925820793297752,-4.81505471031879,-10.2477546050979,0.844320444310512,-3.39871016092479,-6.91123701538634,0.618912458176117,-5.36820069341985,-14.2212105098414,1.06279441056314,-3.89558050585482,-8.47806506706137,0.709125219403662,-5.48351699844673,-15.0354839549755,1.16504119179284,-6.49150709010911,-11.6748384210211,1.25496490698812,-3.88874984638424,-12.3124785406788,1.27811374816559,-6.87541924461929,-15.72932873581,1.28702494065579,-6.49150709010911,-11.6748384210211,1.13312303866366,-0.324405732946871,-4.1719527817886
2026-06-25,1.94486456164472,2.59490190620515,6.08550786731671,1.48686301119281,-4.89864265583955,-12.1572571281798,3.07086737743823,2.69245005416257,5.57243124760065,1.08673212100955,-6.22704141811962,-20.8881827557193,0.559183157242334,0.632175344857346,-3.25230580508579,0.905524214281054,-4.1069530817832,-10.5521132741047,0.83409862336437,-4.43077139205969,-9.29100180683247,0.598856351234263,-5.03531192526162,-15.0095849825287,1.05337661305681,-1.71317788900422,-6.41817666939097,0.700808267117717,-0.947411268918791,-9.5951961506189,1.13045442195068,-4.11811119578698,-10.2647029814331,1.23353550617485,-4.83571177011602,-14.4310696991688,1.23037070663538,-4.36566147422325,-13.9110019974535,1.26737061520604,-4.11811119578698,-10.2647029814331,1.13994995358155,0.682089983568851,-2.508662704036
2026-06-26,1.93524148187712,-2.07816327951884,0.523007889609007,1.42687358099371,-8.32190046759983,-18.3361449795605,3.05071416945444,-1.27082736873175,1.00414653126881,1.03817597128703,-9.00236283682768,-26.3909700909427,0.543834994669996,-3.24507633428387,-8.1130842443475,0.871243552930647,-6.49425623177216,-14.9605698701604,0.812568769261398,-6.66172149350933,-13.6724547564882,0.568553972747252,-9.34602637935332,-22.4800921622925,1.04119549932117,-4.183239870967,-10.1250734482704,0.678467637169154,-6.09210805100244,-16.7268922590412,1.09157230776101,-5.62621600591051,-13.4275874656159,1.19779560464981,-7.74258852649041,-19.7506178362478,1.16806327831543,-7.99739752537687,-20.1212900267726,1.2198457194817,-5.62621600591051,-13.4275874656159,1.12633424147824,-0.999482047342023,-4.30671557864767
2026-06-29,1.89778640678547,-1.63359528113211,0.145000272766416,1.43194596272059,0.0383120583624995,-8.30762578692438,3.02038527572851,-2.94375526107666,-1.87286915077026,1.03419936731782,-0.205566222936591,-14.7567061685882,0.568120669770223,5.72244279958606,3.86639296565248,0.868866366202906,-0.287711940509554,-7.61438270485128,0.800498942869473,-1.18652863528593,-7.66301082023225,0.57150381393061,0.66644501896383,-9.85442082026568,1.04306374186342,-0.0203067741617869,-5.18921685864691,0.68089475380798,0.987260713082861,-7.59526607040903,1.0772553612286,-1.83214207394429,-9.35254208983013,1.22100197117245,4.54481382256408,-3.22828268267523,1.16507162690286,3.36712945777465,-5.07427290486287,1.22155386859224,-1.83214207394429,-9.35254208983013,1.1404704745455,4.92710495364911,3.94309666565665
2026-06-30,1.89350948244431,-0.344537014130881,1.12393697294398,1.4653711073338,2.83806248666054,-3.38074443646667,3.00842501942696,-0.65176029642069,0.0658602380750847,1.0410130188425,-0.137044148624394,-13.3513055811036,0.570619708511864,0.713870107655749,-0.793314994388639,0.853084474380346,-1.79103579563896,-9.21814447927003,0.78610958728396,-2.56104583016647,-9.4891318014318,0.569669394193321,-0.893131642383773,-10.9232293101763,1.05634142340823,0.199189021114823,-4.39138532372415,0.678313832794382,1.1775849000631,-6.10588957770643,1.06630412864004,-0.429957651129807,-7.30835926135791,1.21584438765274,-1.82107306478686,-10.0403591274633,1.1612843259239,1.01315756297825,-6.40846998167574,1.20269901087645,-0.429957651129807,-7.30835926135791,1.14938999134825,2.37436738859387,2.31927504241606
2026-07-01,1.85397493122849,-1.66596265671892,-0.903804412113453,1.54237672981024,7.45248262145638,4.97054237631779,2.96666467175245,-3.54269813667113,-4.12859666996464,1.03406257788962,-0.523546814729422,-12.743688424842,0.576142469924181,1.22627233936407,0.316041770572063,0.850753848167652,0.779286614194137,-5.46675873483327,0.800873053445324,2.29623900015778,-2.78490898138775,0.588487981385365,1.88650376813383,-6.17973941184363,1.06405809916924,0.971134735548659,-2.78307471946512,0.681317092404734,2.13907812999195,-3.55133958815928,1.05372855103825,-0.785050134588431,-7.33506833771888,1.21570655776518,-2.18081373047983,-10.5020841423988,1.2044775595543,4.39665435188404,-0.369272911722773,1.2020840560397,-0.785050134588431,-7.33506833771888,1.17804507177746,4.68873212329575,6.31581249746564
2026-07-02,1.77400455620416,-6.61533355054262,-8.23237575714313,1.53577266621313,0.195444355217605,-2.15403210145643,2.79879674424047,-10.1470824052638,-14.3609255537895,0.996302427656485,-3.72108128429377,-16.6626817667577,0.571146655800473,-0.521163972452674,-1.54757808341145,0.852476351360127,-0.864307018512229,-6.94239758810261,0.817058168877129,0.909147717881232,-3.4072632894886,0.583065434601688,-2.29287953892324,-10.8059482263815,1.0839590048385,0.571713015392936,-2.62466472104456,0.66494864584723,-2.10763049045477,-8.28768994540142,1.04147667832794,-2.10471024535355,-8.92207499982828,1.19869930565493,-3.08593048407062,-11.8971937265666,1.19562284785912,-1.47897859478602,-6.61757871885431,1.17961926403024,-2.10471024535355,-8.92207499982828,1.19109279582519,3.77575785913417,6.58130535809663
2026-07-03,1.76489901416539,-0.971085953612433,-2.71014977974177,1.51634817875073,-1.81479551906994,-4.6507957365451,2.77623222308457,-3.78408210151409,-8.79331128187153,0.971805045656119,-2.48072085619586,-15.0757596937332,0.566080582038283,-0.892080285843929,-2.14688819060213,0.860177194823653,-0.482551654849831,-6.14645724517322,0.842817264823512,2.19409290618554,-0.833748742572705,0.574958335517976,-1.01829563026429,-9.0266381900905,1.1088044170271,4.043722462566,2.75574239806706,0.667683094153881,3.96508877064683,0.230821181706686,1.0403417710225,0.425065226664678,-5.4255562933466,1.18488571823726,-0.965312328520628,-9.15549113141364,1.17896250650555,-3.88851196152704,-10.1259425932931,1.16526109552258,0.425065226664678,-5.4255562933466,1.18011037408217,1.65662990320365,4.82068700923273
2026-07-06,1.77481879540798,-1.02423069210673,-2.97227455067443,1.47979286867474,-4.42880294523057,-8.69810730785537,2.73040564048258,-4.38850265227257,-10.6102003060985,0.952769251702306,-2.56391676887707,-15.0269132227209,0.551325829555713,-4.27993221740299,-7.00598438153234,0.89042903780653,1.06192457556829,-3.57745785705537,0.855930600473595,2.71184619152872,0.993367289933651,0.562297185427313,-1.43303585567252,-9.27161832221772,1.12718420424969,3.63480532546813,3.7847397631071,0.68000355662369,4.76656410159067,3.20232894131148,1.04661817398697,1.54945540225504,-3.08962972855596,1.16247442345655,-2.19658253904693,-10.5622119197536,1.14221761840392,-6.11415930371972,-14.2281433992798,1.1495053881977,1.54945540225504,-3.08962972855596,1.16875165098344,0.397277058553255,3.43275683344903
2026-07-07,1.74004573146316,-3.88013547727862,-7.11208679448389,1.42859805767589,-7.14181427482911,-13.7876012524657,2.64654645460088,-8.1818870981048,-17.1583074191412,0.921825332213173,-3.81365113820877,-16.798751164128,0.548624288732097,-1.78178792398587,-4.84655423009829,0.838792366274554,-5.38529914547802,-11.8939240682535,0.855285473347124,-2.79854921551832,-5.46327247053642,0.546254457647816,-3.85832290975211,-12.6328029069796,1.14465891063486,0.985832752074406,1.47660596316357,0.676932389068285,0.359087557719607,-0.990758413274057,1.03497817500173,-2.68870132949025,-8.08421978350566,1.14217015169036,-3.63956814645112,-12.749964555979,1.11628673297304,-5.48392257798523,-14.9297840654335,1.11303048437141,-2.68870132949025,-8.08421978350566,1.19297139916928,2.95469427459201,6.64507649131677
2026-07-08,1.68206161375883,-6.43568952547419,-11.8208132647111,1.34618389596993,-12.0078167223503,-22.9192026822572,2.5437141591888,-10.6394745886716,-23.1446760669533,0.877399040162346,-6.16323906457298,-20.7274607140278,0.522911500892099,-5.39240636343505,-10.2629689578618,0.783072267580472,-8.3485053614327,-17.6176996772775,0.834304701505642,-8.36721477213573,-13.9951664493738,0.519837068163742,-8.84065794104296,-20.6555802405855,1.1513142223753,-1.3278851346538,-1.34474348557383,0.663862572252704,-2.5956528598561,-4.79608425867821,1.01526206235913,-2.77689377271488,-8.72049821648093,1.10140435772697,-6.08771963329219,-16.9414395737223,1.06780359537109,-8.94524865832129,-21.3290407213826,1.06830801836531,-2.77689377271488,-8.72049821648093,1.18439060776411,-0.266589979265808,3.09253339712208
2026-07-09,1.64434613191291,-4.14590616345102,-10.4889160134816,1.30390233472016,-6.68320760039694,-18.7674945923735,2.51645432649278,-4.21016876811425,-16.5858262236726,0.860761700705591,-4.14410794370155,-18.8078682858098,0.503841274539822,-4.53841883322127,-10.6251558822612,0.736642815448427,-7.38325933369119,-18.6175796944526,0.797990847883368,-7.77790501974709,-15.8027280610501,0.502052703332259,-5.91875833763312,-18.7259732287012,1.15665918641735,-3.14156555505823,-4.27931550712643,0.653837173925812,-4.68181703450267,-8.43066830376293,0.99016187394496,-5.51538977381643,-13.1502933139088,1.06556319404677,-5.66586944694165,-17.7326091293642,1.04032224373701,-4.45325280139514,-17.0151034920179,1.04282155751841,-5.51538977381643,-13.1502933139088,1.15848453714373,-3.36997492355128,-1.38918892202916
2026-07-10,1.63237083007983,-0.808458044417512,-6.6744730050236,1.30382681250735,-0.108059520391448,-10.4117395019449,2.49602864846387,0.109349242147239,-10.578628949262,0.868599582742737,0.846540474144509,-11.4286410083121,0.493634668434933,-1.20289140659392,-6.9955128055645,0.713061418862507,-2.67643858575229,-13.4778389154681,0.777333582743421,-2.90582926332181,-10.9738447867511,0.501772173531953,1.11081112265843,-9.2501567846002,1.18973540610256,1.6270310977902,1.23443246298156,0.657388634549958,1.51941480376218,-1.10421199447033,0.981868024403901,-1.08030943583995,-8.11891523551062,1.06848612782186,0.430088777734467,-9.6817739870526,1.04817719652471,0.755659790786314,-9.73205620417345,1.05489348005673,-1.08030943583995,-8.11891523551062,1.15080195632985,-0.356259717680795,1.2594834446935
2026-07-13,1.56701090148279,-7.43416360629484,-15.9410942486965,1.26514903420009,-6.17470119698809,-18.5547772808421,2.3566493901822,-9.67719273231745,-24.2192185984553,0.857599601712755,-3.37463540534476,-16.3477855616324,0.481623671325855,-3.64128728313807,-10.4032509322433,0.690514958636606,-3.44572343557842,-14.6862358326656,0.755696994874745,-3.88342904577619,-12.7770828731845,0.494674279981093,-3.26107896650264,-14.3689599060595,1.21587262219395,0.02277930317445,-0.330045078038276,0.648209028340809,-1.42512610385321,-4.39600744056083,0.966844230799592,-4.11692274501397,-12.2765146191318,1.07538558902694,0.504246138490953,-8.4345143949715,1.0654260386327,1.15339398665811,-7.83039880282647,1.03326017248072,-4.11692274501397,-12.2765146191318,1.1507266215415,1.27099712079626,3.15382657092014
2026-07-14,1.5394277583532,-4.35100113452465,-13.5366506044283,1.24623094735798,-3.62284688666896,-16.0396293945508,2.28925772195217,-4.37319385813984,-18.7181507498391,0.836069199769863,-4.56837367304124,-18.3324467012969,0.464553011296093,-5.01317027621054,-13.1505021372734,0.670023561817776,-4.85993759806798,-17.1435474880995,0.725035023038935,-6.45233243706199,-17.2522525956968,0.483377020947396,-3.94595289790523,-15.6638872463175,1.21922204492094,-1.82031067814671,-2.798434662748,0.635528355285517,-4.63827047301196,-9.12935082207622,0.943114003118923,-4.83038589920067,-14.1598512956868,1.06967098256293,-0.918837069346356,-9.48746114653162,1.04017149927455,-3.01472241850813,-12.6862991250694,1.01512781043818,-4.83038589920067,-14.1598512956868,1.14563001259503,-1.75875566456482,-0.615920519639844
2026-07-15,1.55207868484673,1.36693152232,-5.94587785073189,1.26323325259004,0.88211998515564,-9.50084732212808,2.30777412698789,3.82825344384992,-6.52541557666189,0.858222378847782,0.677413706903247,-10.8687957236464,0.462621573458417,0.116818309805959,-6.84005637422751,0.670559731275954,-1.00112937596373,-12.1164892405087,0.719055303100971,-0.113717324735505,-9.34907885585134,0.478091548872228,-0.686187645138062,-11.2357101134952,1.22508735159931,1.28108998360146,0.886175851623684,0.642820818646718,1.70075902467943,-1.4760032201644,0.93397520877484,0.253247899512363,-7.67772124088112,1.08772744912714,2.56233643916034,-3.9092659174375,1.05829604042869,2.68067903517941,-4.51476635206731,1.01149048222461,0.253247899512363,-7.67772124088112,1.15282968338127,-0.344679105763701,0.553597345944982
2026-07-16,1.51442340128435,-3.88857753551062,-12.3766722948325,1.24988948680575,-3.17044760416192,-14.231197574433,2.2300201477491,-5.0139780106945,-17.2777601332719,0.842433637624399,-3.06756058624372,-15.1648982595529,0.454198987401869,-1.37438063440791,-8.29682109987531,0.683749172418413,1.69967659635352,-7.39651003998136,0.718620793750562,0.286665118836316,-7.92137762062178,0.466102080559229,-3.66743253142482,-14.9784825295389,1.22786244411602,-0.199089528232526,-0.633213848112397,0.638759588495284,-0.844676067362066,-4.10733553606767,0.921552972160827,-1.46898510765409,-9.34599471684401,1.08367486776614,0.19264479083247,-5.73042489950276,1.05388469418881,-3.02369090501374,-11.096473293623,0.986598534964849,-1.46898510765409,-9.34599471684401,1.16519904253678,0.841216251637754,1.94136531250239
2026-07-20,1.4686267531895,-5.45282037468077,-15.3971368615848,1.21803178168458,-7.05037780544988,-20.293998134487,2.14890223057956,-7.31087185543895,-21.6466250258936,0.810679793406628,-5.86235744957893,-19.5093340521126,0.438170743952533,-4.2080944376095,-12.2792128400503,0.682986392343983,-2.78583203934269,-12.5028076811149,0.701078692181721,-4.28368430586915,-13.739798106205,0.450161596947308,-6.87351728513941,-20.2179180341551,1.20178875217973,-3.11029460402038,-4.63140129608365,0.620305856329598,-4.42662394627087,-9.1291301783364,0.894985660714424,-4.1943122639938,-13.157813107461,1.05333096418218,-4.01343156599262,-11.1393519611881,1.06062527689667,-2.83643828035127,-11.2406682663144,0.957430593652582,-4.1943122639938,-13.157813107461,1.14821335320263,-1.45256548533854,-0.945649985418973
2026-07-21,1.46631355316861,-1.5084843552829,-10.7722885637668,1.2178238013605,-2.12371206209223,-14.431909364315,2.12185309391199,-1.44745661844152,-14.3136254166146,0.806817482030955,-0.680280068408499,-12.705762030341,0.425749717306592,-3.3092465777008,-11.8465222003863,0.678928597126681,-1.58189493638858,-10.9030826867018,0.695473050273753,-2.46797367891264,-11.8571992169837,0.440225695241093,-2.8784501735283,-15.6912399584368,1.19621145501841,-1.21751223085424,-3.0114391898454,0.609053117912345,-2.53376890092562,-7.66783097390484,0.877274119750156,-1.48733405924225,-9.97554701914435,1.04589136173778,-1.65182803974908,-8.59383838729523,1.05669252519353,-0.900646159602759,-8.7162955943256,0.943344415099317,-1.48733405924225,-9.97554701914435,1.13386172886066,0.212284619744997,0.738732241913495
2026-07-22,1.46759320969225,-0.273601043883758,-8.66218434667413,1.22090410032491,0.619482820335032,-9.96235666724966,2.10156787990204,-1.66562599562783,-14.0219091769941,0.834664924758157,4.15977449124944,-4.48697360395393,0.417661869655192,-3.64601451165235,-12.8338458751536,0.681683823650042,1.20432602606653,-6.5177052569304,0.689706258178021,-0.582434858160019,-9.15328513366832,0.441894809191071,0.841895581061681,-9.98330330127777,1.19499050316903,-0.948746320978868,-2.91395808706003,0.60338835426395,-1.73741910209952,-7.00630783005492,0.878829140660034,1.88148312408009,-4.80025477304019,1.04299447622833,-0.832906929863549,-7.38637251132597,1.04510635720523,1.09823330369248,-5.40227415690043,0.943641261542559,1.88148312408009,-4.80025477304019,1.11672440066799,-1.97683948533464,-2.1913766850601
2026-07-23,1.48631764989038,2.13836974682537,-4.42411003534234,1.29355999143679,7.17783778648826,1.14486644079623,2.12145583799695,0.723339318839447,-9.8953504403571,0.849173577645937,5.55373274658066,0.054416625890486,0.42171897340309,1.64719963968475,-5.58672311588019,0.699901911336974,5.32926737816925,0.72612034162004,0.702860446596467,4.71482703307646,-0.765734394911698,0.457347614718668,5.38663355931623,-1.76886577874139,1.19690080391472,0.405832414839388,-1.19984342574379,0.608009842710654,0.816753286433688,-3.5198233481319,0.889712032235294,2.97233929628244,-1.85271441968782,1.08066992872883,5.18276273426495,1.61054799102155,1.13957564733589,11.4550691107118,10.6212462393429,0.965893981289682,2.97233929628244,-1.85271441968782,1.1179154795918,1.67158795409893,2.08301393774989
2026-07-24,1.46023614845349,-2.06015823684855,-9.05064190892297,1.29585893281384,-0.108706784295457,-6.03761442262176,2.07464897721849,-5.76158892462028,-18.3330423946752,0.824908228187168,-2.37019873684798,-8.67214749029381,0.420759810429693,1.04434430430156,-5.13302245502179,0.706586879793365,1.80006657590137,-1.83746684466099,0.71695786145445,3.40000811257998,-0.324261588465747,0.459701980333811,1.78589574045142,-4.23559105542799,1.18727726316407,-0.65268183624222,-2.3587373477344,0.599018713536608,-2.26568979926192,-7.16518576038679,0.875164968997689,-4.30307217879654,-10.6295511547237,1.07360644558822,-0.322265948342798,-3.86250532408499,1.20793377420139,5.30099513907846,6.40994571775122,0.959292665168113,-4.30307217879654,-10.6295511547237,1.10256109779412,-0.264572678863497,0.0210101694803021
2026-07-27,1.45131385044159,-0.938832047119944,-7.55845330282711,1.2930996237135,-0.617007527606933,-6.24538498215462,2.06484273756606,-2.53536065438117,-14.6043859712857,0.82171151712512,1.43319051865096,-3.5049670886,0.420506042005884,0.479042911903208,-4.95731660124474,0.713500715931662,1.78178073278384,-0.843725945177826,0.706059163122239,-2.57324059345801,-7.1150694189795,0.459889382673775,0.0466165008885922,-5.47993284160919,1.18335881558848,-0.376856285327194,-2.0536815541755,0.593811939690481,-1.41320290963705,-6.34447188459645,0.866873528406239,-3.69064600870752,-10.8003501058441,1.07137287617199,0.222290090857922,-2.88045918952924,1.17461972380635,-5.03462253352269,-5.69318895163614,0.952418349759158,-3.69064600870752,-10.8003501058441,1.09282948183777,3.07792433648341,4.42298785922087
2026-07-28,1.38140508135991,-8.74509629332274,-18.5801529873154,1.23868385992149,-9.66611441471056,-18.9132317984263,1.95844635153171,-13.3242464626055,-30.8609609605576,0.791997475690685,-4.46295320065139,-10.8931324085256,0.41300906544602,-1.8226920770533,-7.55106419629142,0.696814289017763,-4.92557088450797,-9.28194627296275,0.692704271762838,-5.02619258997218,-11.1294841492897,0.444292079936008,-6.67770900802068,-14.566231331762,1.16394686055887,-4.71380847294546,-8.01561219106206,0.569345763262312,-7.4439981648742,-14.9932626703109,0.833917170789681,-8.38983517150795,-18.3705522343573,1.02945198060631,-5.98527677699182,-11.1889730706648,1.11386372274227,-11.5324794777573,-16.3166403534487,0.911764502065635,-8.38983517150795,-18.3705522343573,1.06514691769909,0.205814783112425,1.53105264722051
2026-07-29,1.31316551296187,-9.96872909007045,-22.9353615936039,1.17729885445266,-16.7583985615747,-32.2903015595702,1.83157943109161,-15.0832316653644,-37.638830406491,0.762452973301546,-3.26915010338968,-10.2790324997695,0.397405058215245,-6.76795868547288,-14.7918613717466,0.668216649736827,-7.66992514607969,-14.5978157375035,0.66730971874691,-10.3876523709965,-20.1745255733177,0.420417674427051,-10.5360306424535,-22.0467275665131,1.13942741546337,-6.43776821723686,-11.8653301595023,0.540700420081717,-8.70471611291602,-19.0006572310523,0.80456160748547,-7.64371307036219,-19.6600287245384,0.9866522008308,-7.19786495112904,-14.6903758263434,1.04754244149658,-13.807512015285,-23.4235175621145,0.855599040500362,-7.64371307036219,-19.6600287245384,1.03811301915778,-0.0472525941608322,1.13822068138592
2026-07-30,1.26485067749228,-8.23915836539233,-23.1684016063592,1.1074049448494,-15.607096825314,-36.034377635132,1.71734414374927,-13.7697221826501,-40.0828816340514,0.722475093723688,-5.29155038442736,-13.8103603394681,0.382181467247365,-6.04916372444101,-15.6260835357364,0.661983551719877,-1.05445042450027,-7.34469899624276,0.664334186982927,-3.66284667832657,-13.4332716081325,0.399836564351053,-9.26178064375478,-23.3002541313659,1.13965375299181,-2.67762340092968,-8.43285725544977,0.518979150394977,-8.71806158051601,-21.5217180521441,0.783232979990637,-6.25068091459791,-19.5299329571203,0.953580745516141,-2.14537598459702,-9.4388469417292,1.01283044753017,-7.50932423858138,-18.6969774000085,0.801253573160584,-6.25068091459791,-19.5299329571203,1.00999764862177,-0.278990294917765,0.697921228374052
2026-07-31,1.33704701240256,5.6949000734784,-3.68441501499364,1.13484491293088,2.81682694869269,-11.4884413837241,1.78984939680434,8.31982437185009,-7.02306332721237,0.73016658961544,3.41153422839832,-2.31561231661122,0.383602613355784,1.13585183259085,-6.48985869060574,0.673936401879856,2.61453477347765,-1.86262785104961,0.675543532828002,2.70516402820679,-4.51023629165475,0.405811814299758,2.46352369111708,-7.85188791580638,1.1423018909356,1.68472744172317,-2.65675252173097,0.527330359764341,2.09070786283747,-7.48377624075219,0.795036023982721,3.38584312940481,-6.13838316743658,0.963300990223283,2.38071306038174,-2.99858982640362,1.01640283210749,0.961629190145261,-7.97427195671829,0.797590195195971,3.38584312940481,-6.13838316743658,0.996300454018666,-1.23581545514323,-0.779425882407996
2026-08-03,1.3419104576556,0.35515940960097,-8.46856212338875,1.16086371101827,2.6180300104873,-9.24196217576842,1.78149941701333,0.523769178431733,-14.3116094586924,0.778155917907342,5.98234032514538,3.23557106577872,0.392649188822299,2.48875353426377,-3.3406014961507,0.675898502984789,-0.236724791715463,-4.4955575112545,0.683523854430657,0.718732626409477,-5.66196813683303,0.417915590844249,2.57160833738973,-5.70957426192856,1.14633754010253,-0.200554612259277,-4.27951630881812,0.526074459671423,-1.00555290534317,-10.3457360532725,0.806421223894827,2.4623543513879,-5.2479473304133,0.96359260500094,-0.974742889222364,-6.38144487312551,1.03061734207151,0.759914887551945,-7.03899924388266,0.805866174529387,2.4623543513879,-5.2479473304133,1.00533597966516,1.2113237061273,2.04441135166508
2026-08-04,1.34609335111459,1.32726366507066,-6.05102843753002,1.19666490415555,5.73553372749205,-2.28701660788436,1.7796868575386,1.64912093650238,-10.9212879879366,0.833134554040612,7.63617840520591,8.02285244254564,0.416806896380727,7.24850460647108,5.01655101089231,0.689492522891595,2.00946400822677,-1.00113026918315,0.710409604668139,5.81851730727831,2.58925471082033,0.450863920469605,7.14526956631666,2.8311245154105,1.14743881617074,0.713914909795893,-2.67477667453798,0.529436191715628,0.557741857322921,-7.53958150083724,0.813659706777825,1.27713747816557,-5.28182603579942,0.988541208294464,2.90891767855444,-0.685352950874024,1.09047323642739,5.76753009967043,1.33229414663219,0.850546262332437,1.27713747816557,-5.28182603579942,1.03305912217269,3.29753335818989,5.20047237875863
2026-08-05,1.36016910623752,3.23948118164227,-2.04020805149335,1.25272189138489,9.55863906897693,6.3763397598411,1.81264073740085,4.00104779934099,-5.43991930684388,0.882631956408911,7.44101007153151,10.4350086322989,0.432526361194557,5.30761949626142,5.19933310443167,0.710568134166239,4.80870408708706,3.94687313257685,0.7290945747187,6.00616340585604,5.32849128121494,0.475075507500472,8.32882125917531,7.62493501101502,1.15248642557123,1.22721193775874,-1.36565831856536,0.537713407147688,2.00285156858973,-4.42775186592938,0.826924971434878,4.27331800644088,0.173741261206972,1.01301243841337,2.75726192980305,0.531135379338253,1.16802736678008,8.3015157746198,7.53817605481565,0.90156333032124,4.27331800644088,0.173741261206972,1.04952266287602,2.27384539776421,4.80562372267989
2026-08-06,1.3403944476535,-1.31000386050708,-6.81165855784291,1.2697065169505,3.4124007002241,1.61054233864835,1.76966416929889,-3.09555630254247,-13.5121022874662,0.904137349351776,4.16549305517506,8.39693292309472,0.448983944559841,4.56469462615556,6.09856206709682,0.721342287681731,2.48030104462916,2.57745669762935,0.753475694175292,4.01456489547687,4.83530845815164,0.500200701310237,5.84127562813521,7.29360477032384,1.15766767760175,1.30619736488116,-0.555846243425806,0.539819864266149,0.177589585057541,-5.68024594918783,0.832603627680602,1.48842195012189,-1.76821047910066,1.02767631226319,2.2628153974678,1.07004214539191,1.21614438694073,5.19027561945572,6.34941768351511,0.948766378284842,1.48842195012189,-1.76821047910066,1.08118853827058,5.06826383960929,9.04411585276469
2026-08-07,1.32815193855445,-1.0079602604941,-6.35555544482823,1.27781064814713,2.46902399538363,1.72547940017071,1.71360823974687,-3.93693036510425,-15.0243327386009,0.913065866073215,1.54619609820418,6.0006074775733,0.466319280517882,4.08419915363369,6.90791826811083,0.724975781524375,1.56928374987772,2.21775887847355,0.780639397824027,3.54011384566176,5.5369944597637,0.505893432622364,3.59621310534373,6.20082440882739,1.17088380826767,0.339869239239713,-1.23704947204094,0.537812482508875,-2.71458565922106,-9.20964718297458,0.833224544985439,1.43474587906691,-0.979470694083391,1.0638567011676,5.13590302685945,5.95105613639671,1.29931910144259,5.91355953723486,9.03358526255585,0.970753564614706,1.43474587906691,-0.979470694083391,1.10885942334746,3.67523181864248,8.56816766292454
2026-08-10,1.31810907257449,-0.292109246220717,-5.20744102695842,1.29930816484712,4.19268056597598,5.04368451404928,1.67548680130167,-0.818766240920336,-10.8812044002445,0.942680012647902,3.67829464658216,8.85959107836675,0.491374745702526,7.9623105779267,13.1514486048554,0.741049169090047,3.55432540672121,5.38801757314301,0.812702703836487,6.00478174041358,9.85364970066714,0.531112295250816,4.15800418854748,7.93500560620846,1.17038664417358,0.464006844251746,-0.791913882066014,0.549596099169078,0.859560455046835,-4.48086615255237,0.842429749648789,1.94077927464954,0.48234235459214,1.10654260551853,5.56562147148317,8.265887146357,1.37628331155741,6.00966598816936,10.8858180386596,0.998191118473253,1.94077927464954,0.48234235459214,1.1298298729425,2.48551606124673,7.79770457981835
2026-08-11,1.32928516443688,0.571118357602429,-3.62117564302281,1.30183701676325,1.42753690978934,2.72381335946749,1.65194955586451,0.975948537362587,-7.57347832050368,0.957690416612281,2.28990206651658,7.8074118137711,0.499400734093702,3.78390662065483,9.94687037736691,0.737021617796273,-0.0272179116633155,1.68395989518986,0.820377783117793,-0.50257496579412,3.05063548105407,0.542741715073458,2.11636724887867,6.32456513676934,1.15847705970176,0.486711213344677,-0.4727352242858,0.552727969989795,1.10442091348299,-3.2941106946693,0.845050048840306,0.490808687716139,-0.669649959014176,1.11684679989519,1.47009383350118,4.52516334899707,1.40787125122428,3.26009406613224,8.88871870823717,1.02246029619917,0.490808687716139,-0.669649959014176,1.14229625694625,2.81726957534668,8.54392332591756
2026-08-12,1.36683498430143,2.45187816252417,-0.346964154917778,1.31532574392453,3.29929226864027,5.60853462269786,1.66591539928868,4.26149749282858,-1.52864447263509,0.973105764495672,2.17854531718385,7.89866788339409,0.500316147098912,0.604061290530081,6.56259039436771,0.737339816434618,-0.379306517624136,1.04182037218316,0.840209809444208,1.99020239990455,5.80423048593221,0.557059991621677,2.48852947449415,7.12183235935859,1.14917520239791,0.579636421169919,-0.0780824246722396,0.560064632336294,1.13768326382991,-2.41139605629933,0.851368370060582,1.84510043298338,1.47814945305244,1.14516989712915,2.21002427232078,5.71167203924235,1.39755471035044,1.86465166344815,7.64754313975027,1.0491518594934,1.84510043298338,1.47814945305244,1.16221386685015,4.07841568959108,10.5402938339755
2026-08-13,1.4153831131353,3.81853285688613,2.73504947056915,1.33612105458259,2.26076714902334,5.15551380592916,1.70863739567301,5.75615651364073,2.81249793835941,1.00163605327119,2.09858289859809,7.97214238730686,0.500926422435719,-0.0057360209763266,5.41649536487857,0.739190075860649,-0.441868185292637,0.68973458222848,0.860788813731257,3.26234484326014,7.77603367888992,0.566605509320489,2.2890150174835,7.25793090027615,1.14774143432458,0.0315627807960124,-0.55542977978601,0.573091300689626,0.858619963866512,-2.04092176659319,0.861910291258724,2.8342572885312,3.52262788832991,1.16528967162388,1.76893634327652,5.55449238434244,1.43012008392057,3.15192189595749,9.35709345411775,1.07869506549711,2.8342572885312,3.52262788832991,1.17801546632987,1.35399773385888,7.80882059171499
2026-08-14,1.45997628846512,4.06070513712675,4.55382435935896,1.33388983245238,1.32095745973081,4.41926953548711,1.75664001393612,5.55379906375709,4.94674457875568,1.0463462023471,3.5867964300092,10.0038393261712,0.496126679621105,-0.173469028438813,4.68288916775488,0.754347661648658,1.75036236213114,3.3680558967982,0.86816534526506,1.81087904512078,6.56448595851514,0.589555284627938,2.15123527049201,7.37206942642221,1.14769367849079,1.68331671868449,1.76665916096052,0.579676246872105,1.464239816316,-0.600814159059624,0.893202115754097,5.58818358221051,8.17121332638897,1.20263190828073,3.4407712845019,7.97636835916888,1.45362319967123,2.24267139044928,8.64553389409056,1.09035186268389,5.58818358221051,8.17121332638897,1.1794663716254,0.585305363092591,6.66260349773022
2026-08-18,1.47841791253473,1.78193601097923,2.87095103747451,1.33776727188855,0.996820668758955,4.1511120926144,1.79502371876764,3.17695563106208,3.75775823084508,1.07480086542093,-1.70104361810893,3.86698208578536,0.484634869571231,-3.77740626207444,-0.491711694614013,0.751074681670166,-0.969882485805631,0.195106138921269,0.869531062346028,-1.04337911668502,3.03274128032977,0.596562086412117,-1.70340178312473,2.63904896462839,1.14766184126825,-0.394841533922046,-0.458706020166077,0.577242837987931,-2.44306208466586,-5.28121660190496,0.901403917981766,0.746124688476275,3.46024819898017,1.20442281883966,-0.79027327185324,3.22772810986295,1.45763830992959,-0.66454990648056,5.0831483629078,1.08080899484638,0.746124688476275,3.46024819898017,1.18648930472749,-0.54682091637932,4.8341322908949
2026-08-19,1.45120727038852,-2.9884277769297,-3.00757940904896,1.32533045311501,-1.28320774426716,1.19660596843793,1.75979653706972,-3.33575165197404,-3.95720495227337,1.07754540508207,-2.93613907458668,1.18687801821965,0.476780826092087,-2.46525556359902,-0.375210689500344,0.741248102348982,-2.6361426585661,-2.49243103972406,0.878306618175383,-1.49146435110819,1.70736065103657,0.607107530232961,-0.397703373159167,3.3463853407542,1.142873146324,-1.7036710052172,-2.37115065851461,0.566960130429547,-4.96156753424666,-9.42672300496649,0.892102469680534,-2.00890053744407,-0.177716447940952,1.20479161943088,-0.356046825750231,3.14288736726152,1.46927938362137,0.368706460049528,5.63778445073999,1.07506544245335,-2.00890053744407,-0.177716447940952,1.17805065716789,-1.04572138248525,3.49876188844401
2026-08-20,1.47445309373093,2.0159442598694,2.71960825450156,1.31274730391428,-1.55196979619522,0.16053964763313,1.81214444240047,3.72122397304623,4.53648736296761,1.07126248032879,-1.27651399947555,1.96092312717179,0.476751390145143,0.682379220085489,2.75269292424796,0.735789134135173,-1.68090853845616,-2.15135362755478,0.88238100342417,-1.06099252690028,1.45710891324792,0.610682389271529,-0.852993318293576,2.25962732062862,1.12537827264012,-0.646084992719752,-1.4763781211234,0.567715677333021,-0.262940479379878,-4.22096346244292,0.888714707280286,-0.83298797272651,0.513967770771741,1.21741458321258,0.668557637495573,4.03016500875639,1.50034736656673,1.9807410443992,7.33088703197511,1.06216713487789,-0.83298797272651,0.513967770771741,1.17494808500527,1.5906126198587,6.13072620855181
