"date","전공정_idx","전자부품_idx","전선_idx","mem_idx","후공정_idx","반도체장비_idx","건설_idx","로봇_idx","지주_idx","SW_idx","인프라_idx","자동차_idx","이차전지_idx","태양광_idx","optic_idx","반도체소재_idx","조선_idx","방산_idx","증권_idx","원전_idx","로봇2_idx","강관_idx","스페이스1_idx"
2026-03-30,100,100,100,100,100,100,100,100,100,100,100,100,100,100,100,100,100,100,100,100,100,100,100
2026-03-31,95.8488150099505,94.8740018220893,95.5637795587191,94.0380312941323,98.9406105069114,98.5537681509262,97.6689765711166,97.5289724249879,95.570760090369,97.5172338603184,95.6388595339555,95.5896308558718,104.047697001329,99.7670385502441,86.7707052839277,96.1498229324951,97.8851357655135,94.9888542765971,97.5476642430339,96.8375692571074,97.1857369579924,96.954437376359,88.3290306805197
2026-04-01,104.64140211515,109.676402426447,105.165948962365,105.217376804834,107.828141169898,105.496486136503,109.742855646633,105.588928076213,101.827955536702,101.452271746524,103.281800023913,103.198309951059,103.049604548627,100.291187970742,108.028960158533,105.338403582831,101.513838568421,105.164525263885,105.59100535492,106.290034528802,104.778690491427,101.478806809696,101.926534472659
2026-04-02,99.2293774613763,104.552872857714,101.097675069296,99.6636597655706,104.308481310228,100.190041035134,100.034492040945,103.452623187066,97.6607499438339,97.1450520261258,98.115578874625,98.2496971645955,104.614558528561,101.383847223183,110.572190428505,98.4419069580511,97.7242554167445,107.924065238268,98.5829740900014,98.8936836608392,98.9855762659459,104.984710105863,98.2932546888062
2026-04-03,101.08237772081,107.969070275633,103.61119866569,103.149430433126,103.424738634766,96.8814374271051,108.173933529723,103.023564044685,99.5165627629529,98.4949180979193,99.1951190317315,98.9841541113945,106.452526923774,116.701261221993,121.156446202975,96.6636840285804,105.079211643264,115.507572381333,99.6506576792279,101.496183815195,95.4690617596015,117.74469240172,96.4695436819376
2026-04-06,100.53771824085,110.447973035452,101.660685614204,105.72189952556,104.658402648193,95.2008266139585,114.249532760974,101.596739540243,100.329449394919,98.0975754732146,102.7552368292,98.203192269214,109.906259099443,111.874447709978,126.961540703601,99.6247706710401,101.788737572182,110.842067335424,100.968581796159,100.883151277445,91.7271817350851,117.609574193935,93.203561478787
2026-04-07,101.480465095158,107.501500216854,99.805794855744,106.692492291344,104.195653839608,95.8504746732904,116.119403949866,99.5707678028161,99.6069753095043,99.015352382351,100.886229384066,98.04797520882,111.209652575121,106.43126245032,117.321604013758,99.8201343307089,101.682494711099,112.490243730936,99.4643313046491,100.375116393991,90.4722529839473,111.866454551653,89.7607422326161
2026-04-08,112.271419508554,116.569187286406,108.566243029702,117.265592046092,109.374477857417,103.125167000059,141.044735187177,110.976202214819,109.608039601728,103.264340597251,109.2701917683,106.066586795143,118.275785839162,108.773481346767,123.592776790066,104.908505587386,108.001009330319,111.060136127522,110.738610905239,111.220651553704,99.3047817384636,115.0675996812,97.258933248533
2026-04-09,113.889627541747,115.953614190201,104.595689965968,113.734764043056,108.328291183301,103.017709385527,140.685328696861,110.017770418355,110.205803468017,103.575425685459,107.470324105387,103.008608148563,123.407561938443,107.485148937122,131.384537355512,104.648455338912,105.428070653093,118.894177729475,108.862222884375,108.886930017218,94.4741436633522,121.719494155318,91.0027693854699
2026-04-10,120.655455507903,129.573556947371,107.540666437329,115.338755378223,111.990795808898,109.382300986195,144.083008351089,110.54804933549,111.64223720357,103.657930114388,110.976501658155,102.237741032592,128.643535064095,108.671642733896,155.368545398095,107.553835381254,106.778119846297,124.621596375544,110.323934812912,107.343470545076,93.9657124125837,123.529399883,88.7280913177226
2026-04-13,125.256327472485,130.793289125885,105.919173589405,114.812207485934,112.950884511075,115.024642274947,140.743833318476,108.962569554379,109.379120986377,102.764418978944,118.166936425787,100.11507440298,130.788354200956,105.904488625775,161.419777252275,108.545025971042,107.176654286068,125.336792376352,110.797488191354,106.708293369454,91.3756779368334,127.827579988692,92.7193784452258
2026-04-14,128.318175832573,136.447246274966,107.96995682798,118.197359714845,121.952277600621,117.311293535428,144.813032578826,111.976197950909,112.730570777362,105.064690875686,121.966147677498,103.746722214207,126.614299513462,105.687252297028,179.658427460866,114.567386204843,111.40249779576,125.874674691934,117.152422182459,107.918899964769,103.196267708935,121.401401541352,105.758424256159
2026-04-15,136.391326715733,138.266467140331,130.137249769964,120.879701299724,123.958118693728,118.980388592031,157.170645983513,114.609796006112,114.812984932532,112.257791708597,123.453229049008,106.45866399269,123.43356662568,113.957059641677,176.607732303529,116.558352584856,111.327955557675,125.578808731694,115.047829768798,111.056516307038,104.268647414062,118.215991536953,106.847156458086
2026-04-16,139.100554164973,145.224712171292,138.184111418537,123.996106865702,136.975964124097,119.078570215625,153.144289951978,116.952818879828,115.963942161254,115.014126542691,123.777682902154,110.707921396013,123.448604848519,125.453111067755,145.517640109831,121.512203468751,112.969705627415,124.955236063953,115.407343244237,115.549530508732,110.418459514866,115.908535093918,104.434380203881
2026-04-17,141.263435004552,150.84024764821,135.389536524279,122.41353250016,142.148555829244,119.160232842942,151.647799451995,118.104870031163,115.047795262722,113.834221929577,124.746300519415,111.02585283186,129.550725164349,119.912396300839,161.391983896746,122.188370372433,119.58188185016,128.147172048722,114.429753631866,113.874967915081,110.219597042262,115.628924372601,111.556596381534
2026-04-20,151.07264237787,148.626400671528,138.352248952665,123.045311147022,145.076068120254,118.556636305749,148.881217847233,117.735846476807,116.127442679226,111.846473936746,125.612568413703,109.313658100428,134.057322365443,120.074224370979,168.559557262107,121.731907061121,117.504370213082,134.909837255987,113.922430972509,113.465391521429,112.230012406232,116.045289243661,107.773016036966
2026-04-21,160.847742164233,159.217297596751,140.987386203586,128.767971870392,142.332238503805,121.970317421094,164.260488082274,117.143721093364,117.366202964098,113.302309746693,125.046583955551,115.027152212601,145.736160620933,126.768679820394,167.570179028507,122.510185379395,125.278674900596,130.617804624379,115.12496895926,114.568690988301,111.566147540147,115.040728275123,107.429111210625
2026-04-22,164.917954788368,173.300189743115,147.528890078892,128.77990261602,145.519308984235,125.69721442656,160.70762291941,117.304475954506,117.519003232815,112.956752111948,128.460390912932,115.096755457493,156.753541176232,138.452328531104,160.799025274749,123.236282483666,134.694769676096,139.289241674616,114.02947727346,113.908041936655,108.639893692612,114.918933697888,113.079149456053
2026-04-23,163.808347241067,162.939472414955,164.234174680505,129.997908492784,143.611516229856,124.356122044583,161.201709861156,115.386217683399,121.239962038007,112.596756763417,135.394796733115,112.300170947785,149.253106597299,142.521987939498,148.476595028342,127.111593600588,136.997228637438,135.10173445361,113.217338915198,119.051504846477,106.90975322798,112.495756929485,112.097776143402
2026-04-24,165.133613273132,171.013431721193,168.989788213835,134.28741653812,150.291483104327,134.917233198525,161.939142228272,118.834402407383,123.688052522514,110.968939465199,144.409021702013,109.070410018539,153.909714515104,156.617215984912,144.700203669389,128.468376526622,145.572180703946,133.072437491376,113.202004567072,119.933699188061,109.53933595519,118.772229269177,122.409572769459
2026-04-27,168.177872870302,170.804109418268,182.821088416988,141.291200151872,147.556365043344,132.304034422842,163.616336782251,128.710976148974,125.139582532682,110.663457033025,157.683148554635,112.494759652335,153.424665282772,154.628115992535,154.37893615403,127.81861213179,150.34626583904,130.139489670993,114.432337888452,119.759188339013,115.362804906193,121.65123816018,121.913326789084
2026-04-28,168.764209076442,173.768301007367,186.217502899483,138.783468357187,149.304448209351,133.716794791013,173.037156471934,128.696935644186,124.268900163785,111.476420868042,156.325300448439,118.351511960761,160.170109306862,154.513082276128,145.794181976611,126.141483581087,143.576832187903,128.031565088155,113.496742565678,118.423289931883,116.489563611881,136.784258604725,125.224529208326
2026-04-29,170.60856261191,177.601137152602,216.695660530559,138.995575511658,148.046497192488,139.872102201867,170.881146300738,128.201288587626,126.960760811199,110.53973053637,160.468934039821,117.854850135347,162.559050205654,157.532058441933,145.643017972244,124.758475178008,148.371201397525,130.203674722063,110.345121905804,119.926133257068,113.63099302735,138.954058433193,117.560503471309
2026-04-30,166.002282469726,172.819233250985,234.565591975706,136.131987151408,151.533259898322,139.416369714367,162.950908457241,127.683621583554,127.55874465658,108.056951773904,167.483997594581,112.503487046685,155.037376646975,163.98728651802,147.010276977544,120.184441712626,145.828172251883,129.698205376027,105.798931882837,116.839208979142,113.29172003049,132.859421607522,112.018631449708
2026-05-04,170.508621589327,184.217925489919,263.101989913977,147.678437752803,158.06924066596,144.442241935934,155.457743662877,129.986471442249,134.827670310323,108.557759063499,188.666046991529,113.388425758893,157.39256399271,156.75786493334,165.613239701643,122.004342167294,146.68434393482,134.393200232024,114.362942037346,116.535042031839,120.324849481374,129.393740144523,113.358428061103
2026-05-06,179.433920124167,187.059537119678,293.992915029748,162.120405116451,165.229489317744,147.749248649375,154.192801946117,132.813135586687,142.122558994423,107.911261226278,193.959802527671,113.310034313869,157.192522781357,151.226194401028,166.465903876064,122.957362008605,139.820681821468,130.730195039656,128.64442034188,116.409209159457,115.814447502869,131.871519006673,114.095048882376
2026-05-07,184.239875554227,183.786942229129,281.453949516049,161.31876380783,157.348377552543,145.614608460779,170.578899913505,129.164484976502,146.463911853648,107.635515806718,195.622103710552,116.58137632264,160.139267475766,145.170463194635,187.343400208587,120.971595878385,141.637899783213,122.744782440799,123.154186680316,120.466746609863,116.291530612266,130.380859775087,110.33897355969
2026-05-08,186.226391697013,182.038153142238,321.835248338986,160.982436755441,161.187971228248,146.785167226132,164.866059714197,144.810114246208,147.017340172056,108.839492804512,194.511455920234,133.931261642581,157.788991485402,143.256465082709,187.078183146763,117.598179633386,134.69935424915,120.989248813807,120.790866217093,114.725621309532,125.709188554788,122.172182659259,115.368234933802
2026-05-11,209.481389861745,185.340336836089,315.162449252305,172.411905004449,166.669885753084,151.248866046856,158.334202418676,154.380112357532,150.095767288915,108.95017064734,190.461277586853,141.183770259032,160.493627037285,140.120795246859,211.197645590752,117.998011806502,135.364608106476,120.890885505751,120.364614538384,112.786941006293,135.205450936086,115.274632602539,128.358832345066
2026-05-12,207.442537107577,190.819008333727,328.151546178069,167.963349860419,158.864564525546,149.643096200192,148.662302219845,160.883672025321,146.36696342094,110.007493128622,183.617038977479,138.093308359284,154.04608952941,144.300167651062,213.31424248002,114.932316511705,132.328642251701,118.599553886042,112.338676619978,108.41668102697,140.790071536053,110.398294112019,119.899750483652
2026-05-13,219.851377964121,204.87170606712,307.643348846027,175.640321458196,189.007981948584,156.267518188685,143.754499068318,165.696805111677,147.189098661235,110.153372948797,181.302800424361,155.189266949733,154.039968272937,145.65440014121,196.737169139714,119.083834445933,132.67215385698,116.578047973068,111.077209761994,105.808812717033,143.075648959225,113.246469804042,115.222529319058
2026-05-14,219.513899806489,205.662418277118,285.905535312973,189.388329487454,187.387012134743,158.810471792307,152.54112733251,168.587156922084,147.29061531423,112.731919787977,175.871568519723,154.342535634308,168.11605322138,160.891012858613,194.177348444725,118.514244680254,128.664287409063,118.157201684636,113.360887658663,105.709934045897,134.087389733875,113.058451146757,115.905341420304
2026-05-15,197.469547741,197.344998088847,253.367813217543,183.016976475861,172.034822123468,148.830905682075,139.092969415442,168.510787094904,138.373395770013,111.097327697047,161.418512894931,151.406082264574,153.013088552045,133.348208662615,177.910906584432,110.872767424346,122.308913810333,110.871448503724,108.96509746053,100.836612817916,124.042879785903,115.805606966589,111.370533476641
2026-05-18,214.421723423037,197.820304926789,265.209966729439,193.234071290639,170.5599218901,152.459716712026,138.718982283777,154.211442206009,137.069024234764,108.226613905623,156.798150852106,139.22205310523,152.510816853549,142.377202603511,173.496759916617,109.082196407433,118.013162064302,111.67193486195,106.271382407718,98.3420604509831,118.77164832167,109.236314598436,131.118171461229
2026-05-19,203.855860761275,195.580953715291,258.814167013196,191.072671220435,161.55351003811,149.680580395689,133.173872990564,136.713315546777,132.34329410931,105.086422402689,148.993781044806,128.189286804202,154.899594591523,132.852689068579,162.095151949568,106.314300208193,113.869991778038,109.963194326165,102.375484512889,94.0038718522429,107.312240778355,111.285498089579,126.41543669586
2026-05-20,205.778381863236,198.409986493987,241.733004595227,189.782010002662,166.045504205375,147.384657321832,128.986854154555,130.734032942945,131.120525842389,102.63630644116,146.219183118854,128.066981450381,145.711547806994,125.183786462583,171.097362136079,102.432948379777,115.821895407526,107.076457991663,99.1062929452995,90.7257183897088,101.714606766581,104.230575108125,110.119439301036
2026-05-21,217.753868054145,220.713510208786,276.688627002388,216.282568147574,173.312859351621,154.484474452978,138.580412911263,158.924096889884,143.722519904443,109.322042833132,162.12127817552,149.417426025301,151.449412887276,128.845327754807,170.034173552175,108.116271414327,120.883548812692,109.135695131634,106.924071937441,97.0106194351101,121.376148205208,105.493925162371,118.759407608278
2026-05-22,241.045722602164,238.661935124737,270.709660682332,215.863933988576,182.396221148022,158.975598098921,142.10180411516,158.893809653026,149.264010912706,111.304229369174,165.138800019252,150.65346174,167.526643934464,139.425327143374,190.858792479318,113.267536506128,125.341485575491,113.159619048519,108.502919084306,99.0694130921665,124.861437854744,107.963174841507,119.664994216884
2026-05-26,245.484705213573,287.484650548153,267.598319711918,220.03737295934,192.010634987041,157.984336001071,143.90312070952,161.639975008196,154.794716806154,111.615033667486,161.835392955088,154.016814076891,162.738480582417,146.488643692595,205.242760413357,113.926634010431,131.779227906267,112.692532049365,106.943620991244,100.151503776757,125.616834435487,108.926654059361,129.285076785698
2026-05-27,239.449975097398,287.683651535502,246.870293683131,218.32062351809,187.584927733778,145.792181540323,134.088717797048,156.699766857104,155.21717938123,120.207811495413,154.04066473594,162.196491533436,152.69509987074,145.14347966608,194.002701274261,107.70891743989,126.948291288652,109.264555064234,103.76985208279,96.2302851318321,117.344236500286,100.941265561032,119.305170604778
2026-05-28,225.841057965785,308.830347613781,228.136183088593,221.451220695625,173.767089108624,143.21491666208,130.378388248323,152.537918785526,149.440149291292,117.50676664111,147.35676574695,161.906375934676,162.955503828182,141.539997066482,169.546700418031,103.784246313084,119.416670790756,107.420445554808,100.276783039147,93.0898621781489,111.78025367333,98.3669411945426,111.64636378594
2026-05-29,218.843365914665,355.690067779501,218.085363731332,219.557834621303,169.434360078486,134.03654271481,134.682751075907,173.942605408145,157.490809301916,131.40797513369,145.422467598933,181.604540574,151.177745486792,137.841719369409,160.77117009802,99.8741532062538,116.906514924505,104.135850155131,99.6861487343724,93.4668920863978,110.828156233742,92.2920825506729,103.661504967014
2026-06-01,206.014729432816,341.542998958093,230.379310797851,230.897681013157,168.208874526842,131.569309101544,126.694977948538,206.406402506938,161.61479353528,150.312726119355,150.171995836193,182.674541500868,147.57851087325,137.549099760752,146.211637094498,96.3217455489819,116.875610364086,102.5428667464,101.945132028846,92.176099371628,109.783384946331,89.5127869582764,95.4286361094168
2026-06-02,202.899814957031,296.652613327632,224.138385646421,234.645525388214,168.712579780627,126.343256674795,122.609767607929,205.259299501566,157.321854905144,145.441413025827,137.807816384692,176.490879121357,146.257938976812,130.267040365546,141.345570838266,92.8320079289745,111.292690375835,95.4312948663634,98.6950448822368,87.3605706966761,105.593355645259,85.8883325012193,92.2255235426794
2026-06-04,253.514146403683,291.90378621107,211.813970580784,233.470745998671,176.964699933825,139.947593927166,123.603356132797,179.664317280001,161.366838062295,133.075025152321,136.956496462554,171.290854938989,148.720114840168,131.660121494045,151.650138731021,100.928827438165,110.942857770445,93.6717918508679,101.219820220516,88.7128510832294,99.3701043141218,86.9910535592886,92.6961899198568
2026-06-05,235.058529039694,289.870156553043,197.077909537752,212.581242633591,171.860067031932,137.324263224996,120.476116751077,167.463343154243,150.307987339341,127.370939632152,131.964228523973,167.230861105716,135.130313605473,124.098210205554,137.225682715204,94.9827488638339,109.723751911106,92.9927961875475,99.6205991482808,85.6786815033824,92.5068188596324,85.0319095930262,86.3747133970777
2026-06-08,211.704305409754,275.923660303271,183.376693543577,200.807922561975,151.888696626798,126.148184837861,111.976875990652,153.429355277345,136.105178003786,126.738290797292,123.489705426598,150.51158098154,119.281878961824,110.790814884426,124.959238863488,86.2527656825877,100.953759741452,85.6685193317169,89.4425835023424,76.5912552842162,84.7747710727189,82.5383523958416,81.7041006113315
2026-06-09,246.270864183038,305.280244157264,196.617119060065,218.848527913971,167.111205092627,144.057401428761,115.998495761222,151.228962540505,138.622103875647,127.696794043941,131.358277554025,145.68535541922,120.055006284571,111.058314988513,135.802087895993,94.1171775260851,101.838039049212,87.1242383217327,95.0818825059084,80.8563854402693,87.1833338564954,82.8271439502481,84.4142280612618
2026-06-10,259.404175729702,286.168510164212,191.793559238995,204.167833294161,172.624650444325,142.7788339082,116.832576191004,143.526153163302,137.108405014086,118.106091023124,133.301173137322,141.134202801036,117.761143765375,112.638296900945,118.769393352801,96.6874740367845,105.146804953768,91.3127282302686,93.1464216422979,81.0793016971127,85.0335627447519,84.2118272068507,84.9064212226081
2026-06-11,281.227602587111,293.815396907123,194.755963009926,207.963830389842,205.950714577255,154.612179979063,114.431735637466,150.987944089078,137.671147991838,117.268107393835,130.907428792631,143.655409457099,117.391816339205,116.633991894831,123.689394984439,107.153919150069,103.062118817226,89.7429281747775,93.7301977122983,79.1307328307606,85.6666643190212,82.2906953484222,91.6740242985507
2026-06-12,292.703461186608,287.247233431871,182.748707273472,219.197579707011,208.03559210031,169.204237997275,121.842755433662,154.598569419571,145.062330012419,123.394559792051,136.980545862834,145.630021141135,122.094850059481,118.16741075336,131.466825176223,112.64762144954,108.072088096938,94.4743880961068,97.241131068659,96.668246559201,93.0490055375711,85.8064090299163,87.7092523111329
2026-06-15,285.607713250025,322.182987541976,189.467550127971,228.615549459937,205.887873463505,166.691948036332,129.984861543034,159.426352403552,152.485927651046,124.291224417346,150.439713809012,157.550833120421,125.269450267544,117.76663178019,131.694177590748,113.242251952215,117.886981357397,97.1441752483397,99.2822237430787,90.3189094577774,93.6702796080503,88.0794945834483,81.148435188466
2026-06-16,277.488398121733,331.228412202207,194.097104219232,231.380616912024,197.027434479647,167.842037851344,145.308099306482,151.41393743184,155.382727328032,121.470523221264,150.255742622908,156.568389200479,120.830447115715,128.420619715536,135.268268386545,110.416128435971,118.172971024394,104.442591391753,100.771430442329,91.759542523843,93.0879863661542,90.6915182876469,77.7873413726526
2026-06-17,270.710520561892,332.177762108646,222.424209491905,243.32362680446,192.385616444184,167.501692778992,134.418880116349,151.47881861817,155.556150255176,120.456613799457,149.49570683133,150.553606806918,122.041148322398,124.619835336908,127.795667242016,114.925838264365,123.760288086721,102.093450349539,97.2432340454946,90.3354503709053,91.9990682709852,93.9178749155812,73.4025585131402
2026-06-18,273.434080866925,345.558815752098,223.56995257291,254.885353406962,193.139417474428,171.305242711051,125.858541388285,146.336146969762,150.661507932546,115.901371214197,144.184549970115,144.738337934794,116.354332134016,115.20760726193,123.166685394347,112.925578007472,116.17187340767,97.1253824528336,94.3796157547851,87.872594636134,86.4309663015884,92.0507403428248,68.7205370170283
2026-06-19,255.482161643792,336.393358825609,206.371645272169,252.306272189156,186.892963177756,161.50865781418,119.591161740871,138.293280872618,151.657002857675,112.627407210523,145.615138972233,144.229689713077,115.1414929733,110.90008989369,115.302006935878,105.868549527156,115.636001084161,92.8873147977657,93.8321699183064,83.5597366529484,82.3724105771373,86.002438565024,63.7618607441976
2026-06-22,275.125248770665,327.23724542189,200.384201823408,270.379816804075,192.530869496939,171.120441715846,121.940373570119,140.045652628111,153.29231730023,110.423088207435,140.898244033526,136.025081995894,112.07780117138,108.985814311165,112.757353166614,108.446935924537,108.715544147497,91.9080346193912,90.0683243213997,80.9854264811434,78.7160862405057,83.5847062658047,60.1661458804795
2026-06-23,244.258764379581,288.063928083354,196.200093659998,233.694526556684,172.158362784147,152.034099154054,106.805239565737,123.361166301445,142.587203041145,102.585553989749,132.404219151996,121.519558969562,99.5099737195623,98.299877763322,102.242326834845,98.4545217557169,100.401588923471,86.4127434333824,84.3470261543294,74.6320300260932,69.4528157086518,78.8132753434718,53.1604542963674
2026-06-24,248.624126630486,280.642772119232,192.976624490559,243.597429686649,169.760728866142,157.038158039975,107.719486942019,125.152727353896,144.725308258633,102.136132671709,129.275660954351,120.556735715598,101.077592632876,96.8698379450106,104.15707427239,97.5692877680927,101.051365090966,87.604170190467,83.3146654749268,75.811712228265,71.81731346187,78.5443678539032,53.6397713452795
2026-06-25,247.29782051676,281.50984845204,181.190848982819,255.826029024445,157.331712992282,152.618498939341,106.978104881593,122.842320956467,156.009616182995,102.563238011404,128.797317287568,120.052482088729,96.4943177024769,96.7374248987281,100.551261790566,95.8659995917833,99.6681118014183,84.1419148557466,86.8356032410898,73.5223404176854,68.8648868271995,75.2835178539224,49.4506970615188
2026-06-26,256.777802181761,276.082386839255,179.806924086525,237.145566124774,156.18598669847,157.668509179023,101.528799102281,114.58123188521,148.407742664621,101.211240075094,119.842297532038,113.892762813868,90.3068450005819,89.0693767498639,92.4992613836668,93.943121731262,94.9218364876595,79.9209411637779,80.8765185204667,67.8182028179666,63.6638935565142,71.119082680291,46.839846445424
2026-06-29,263.172136026418,277.934141537158,192.869648672663,229.900778167273,158.579817350932,160.436987911237,112.471222008311,120.876261077986,146.817993629923,104.8696161553,127.921018520794,119.006592471703,105.547718814496,101.14165465779,97.367756152383,100.348637842776,102.114794400815,84.704850246971,86.9966767187524,75.2956991955247,71.3500081513538,76.1594189942727,51.8040222046337
2026-06-30,290.441730740638,296.792780851986,213.376445927293,237.123639067273,163.33743242826,181.81175256268,110.384279401567,124.552746485775,148.717540364006,101.712693997302,135.286860433158,117.876016256802,99.2852766457484,101.179407146506,94.6779202628754,102.798250160514,98.886296167511,81.3290001014877,87.9667059275092,73.9187597457372,71.0345317851669,72.4588286432067,54.6024672187091
2026-07-01,313.923338418962,302.148856474532,265.030934634624,229.827980995337,171.129659527812,189.433129633866,120.114226476146,120.377340765493,144.754759561903,102.792331572728,146.945345740383,117.44461166667,97.7368737233708,109.887671432119,99.6453116875555,105.234088222949,105.15224281777,86.8632788127807,89.5537767296183,77.6601991714146,71.219684075337,75.0659150003847,59.6685461548796
2026-07-02,274.6830670476,272.48021179876,243.405230770167,202.666461196938,148.67074525195,171.010654316385,115.16696594113,114.169175970324,135.295407257897,103.618599294439,135.636920309928,115.458273451493,91.8562607546538,101.148602083008,86.3792930837771,93.5319638339582,100.48195447347,86.6473568885375,85.8552894609317,74.1121901815696,64.452401031758,70.7218263940474,52.4536462371843
2026-07-03,263.40133549585,270.832660289668,245.049385326012,218.013313023029,152.860100825049,169.275166067712,113.469697019728,113.917243803685,137.694244853017,101.942060326695,129.921758764513,116.944642298991,91.5899697333054,97.3352234735843,88.3881317839799,92.571867333866,101.238983428244,88.4014674719271,92.4167646911536,73.4881307299101,65.6418949661199,70.4542139344674,53.8728300587994
2026-07-06,246.509025475526,254.720068589538,244.527053241251,216.314924209255,148.542278299675,159.087489738858,116.037190907351,111.453179779569,138.324105643781,101.685434526613,123.51875854706,118.272282578588,88.8061218677663,92.6962613524711,82.6358718819097,90.6525860017125,102.348044673096,88.6559050531584,95.9668705572501,72.8159850896967,64.7208600121683,69.8414541544525,52.6843651123169
2026-07-07,228.725107219917,236.264659108412,222.81501237377,201.680436805342,143.231145279693,149.744638171412,113.224264180292,109.787315278445,130.781656227989,103.240479863525,116.585178526562,114.076748712103,86.7915697371196,91.7557528049177,79.7254625876723,88.1174321992441,92.7717244979765,84.9512514375571,92.7469488799564,69.4420618676763,61.7576804234677,68.2401227875525,48.1030691943827
2026-07-08,215.104615048846,214.476144630367,200.604288075057,188.261718686889,135.636258117609,138.416037513056,104.56378957334,107.065442177497,122.820895248999,100.170826115065,106.414327948482,109.837426069151,80.3255933751767,84.9580152542802,74.4742838332835,82.5929914481189,86.2191121334739,78.0315769180506,89.0503334021431,63.6586258802288,56.3511891881236,65.2927344391668,43.6396356981197
2026-07-09,228.325241965811,218.379842568411,198.309244795818,192.76626140233,142.236766744496,139.253887086232,105.393180153517,105.122783427228,120.564057941924,98.5212204777988,107.901269162313,106.496119447198,79.516214618658,86.9484606070404,77.161500098122,84.635926823656,83.6735356495754,76.4811386136225,85.3241409653151,63.2910979770621,58.7006084804723,65.0971948873338,44.147641463914
2026-07-10,263.329967712226,228.111150917243,220.091199613039,203.075410327737,161.455187413215,162.898930789402,111.98769262594,109.136313069237,128.869276882011,102.73825078298,114.072909925948,109.49453803068,87.2508234138784,91.6765111512838,91.8824171591954,91.1465274588871,88.7303742726409,80.92498169766,91.2415338443232,67.8797207880877,61.8621426247222,67.5243163118501,48.3328635816115
2026-07-13,256.338946838493,198.756603728842,211.164115083375,177.602754011933,151.769515307787,154.587351350797,104.251030759673,104.932263601598,119.007982963554,99.5304323707312,104.081985183338,107.155448052392,88.5794640130909,94.4240705224592,83.8122186136131,90.1675800372785,85.3338726987554,77.3715715726184,89.0024154919761,64.3556081508858,57.8337015544475,65.4536131530713,43.8412200156167
2026-07-14,285.759079333427,194.982434001649,206.821485721189,179.420381244793,151.256733244116,161.163465484952,101.585891050241,102.370820043611,115.440578536097,98.3549235803223,105.042603653552,102.166804166796,81.2113100617337,87.0553591880555,83.96706533182,87.0654934108011,81.1558798313139,74.4936192128417,84.0302433158267,62.0954507148329,55.3153163252392,64.5108259327733,42.5557129755693
2026-07-15,293.578477257497,222.591199358815,215.106699414284,199.01426087261,159.705752610692,171.208137239317,105.610038810945,109.377025951539,121.845727288431,101.063805823512,110.76638127296,106.256139936176,85.720256025322,93.3099201792024,92.4685193295039,91.7714009804633,85.1417066411234,77.877015911319,89.877904056446,63.5403275256297,59.1626608669702,66.0681354226746,44.6194693018238
2026-07-16,268.439554924984,206.887748611315,195.757536527591,179.680098167409,149.969572619319,164.02096917371,100.707722264386,99.7979595463074,117.712671378626,103.143539134492,105.587548524216,102.889816423492,83.6372543720783,87.6599055435873,82.5427179858717,88.0344255921133,85.8939031342732,77.153266378655,87.8575667014321,61.2497080894589,54.8033764066751,65.3642591358706,41.9429663713303
2026-07-20,239.403584917687,195.237644352869,176.127554711122,172.676966382208,138.874232012428,149.944828473329,96.5478289848092,93.7524365980434,112.302829239686,98.399212756182,99.201718429482,98.1637213301412,75.8808257354316,88.1746681432318,77.4101494777839,84.9617690295873,79.3631223741278,72.5610334822279,83.0492587914348,57.0825685173738,51.1952075912426,62.8743323276293,39.5750495186032
2026-07-21,235.5182032771,200.312005739723,185.825430870398,179.504310659446,140.49364136314,153.442151978242,98.4638279270661,98.5107392394557,115.367420060683,100.446660892516,102.565701406856,99.505486185958,76.052721586883,89.4247323240452,79.4330925355022,84.125571973379,81.835358540119,73.19420409107,83.5373203903907,58.2017317868755,53.8735409665956,62.9147102984154,39.4247029373897
2026-07-22,223.366404735941,200.347108327038,200.834285723323,178.164882248592,134.714959515948,142.948618865095,103.393416900341,106.98130720217,121.463815141862,104.631250902096,104.671548039139,104.942662093111,77.3524129911816,89.2700513935031,81.3998321229787,83.9728829014425,85.9992753176636,74.9510922442504,82.5136007321562,60.7575064692913,61.7731364145208,63.8865857244124,40.0422832775394
2026-07-23,223.969402189349,211.378307871587,222.943178332542,187.280452876295,137.529438930004,144.191511894334,115.67396989942,110.980585196316,127.214696727759,113.608776548387,116.074577995923,109.458697417792,86.3593503166984,107.201829885832,85.9520071225764,88.3971615924902,91.7077161936483,81.4097472521047,85.361835265869,65.5565399321987,62.7328930526603,69.9341857031241,43.5269257477223
2026-07-24,198.700935882328,192.861133206633,202.226032613698,169.748904606405,122.501823903028,132.711776190247,109.935986304755,97.65487846031,122.263974547615,110.36833992244,107.862878006912,100.63598776886,79.9671021334057,103.248899924507,76.85202341934,82.0800557047877,90.3928039481865,80.0392072645824,81.6922623829654,64.692167597746,55.0991447320893,69.9642654521288,40.003908343498
2026-07-27,209.558706326167,192.051892837869,200.02760259838,175.073340625317,126.10150149837,134.900384140263,108.941274395851,103.288028374064,120.369605502783,113.567167578053,105.906291401712,100.885572041955,79.097245895209,88.3215606194536,77.1024996203107,83.241605337595,89.4081299489564,71.7277944825368,81.945338950324,63.5090327129357,58.3706921059085,68.2003674840246,39.7680130564482
2026-07-28,179.56685959462,160.896184980627,178.718618055301,150.34821696744,107.061734447071,117.48478147009,97.9928639111889,94.6394428204584,107.367328261966,103.227360381949,93.2399188401326,92.3488080627773,71.1743217579248,78.3335355071845,67.831212733658,73.105681324113,79.9807610339716,68.341523741244,74.9956140888222,57.771291102061,53.5206068040707,64.0092701462117,35.7143050174106
2026-07-29,165.463614149521,144.058008149923,148.387191396815,138.533885577822,96.7898683089874,106.06881159257,87.6177463513437,95.3585975756238,100.70426022528,100.343737522715,82.1569806717428,91.0607678598764,65.875565738308,72.1828325457246,60.1143991186884,66.7498002533843,73.70034680541,61.8889977852458,70.6494850091053,53.0524256074058,56.168742367603,60.5326257025057,31.7640235971246
2026-07-30,148.286028568988,132.321999342832,136.304696108102,132.189588639923,91.7321508700332,99.6799088368531,88.0378761236119,87.3613883515074,98.8193734189559,100.074245793772,77.6289090423417,89.5828847859199,67.0390448965052,73.6701880538111,57.1422969873617,65.6047896751389,75.8749361506628,63.2909446977571,70.882532142291,51.6492747018529,51.1017039254899,61.3349886371849,30.6269369474143
2026-07-31,187.512574384304,167.740517201012,166.911024297863,169.778998401655,110.387431734901,123.222678758544,95.1712462548367,97.9955102958199,114.025047844848,104.556195497314,93.494788272098,97.9885383608532,73.8909494716847,80.7384568114173,68.3464282326692,76.0610211242149,79.823310522002,69.41711519643,79.2330500677609,58.6085442145577,60.9811769102812,64.4102739693163,35.2495321926188
2026-08-03,187.732410987114,171.558510022085,168.940583161301,159.509610315548,111.427959024412,121.39101602925,98.1212136404784,103.561422181529,111.337132981274,104.091986001977,94.9751509149075,101.077821449612,76.5642134350944,82.8723704589982,73.3233251453124,75.6349834290358,78.5557307849036,68.6893538161927,75.658741231843,59.8239812980492,68.2833838574382,64.276815888332,37.3385748519511
2026-08-04,196.593349523436,169.849379910029,180.475674901114,162.842918277837,115.893294223346,124.043909046464,109.465476653506,107.816187614441,111.980363243445,112.450301373703,100.213922828529,101.063074342826,83.4497640080722,90.2562173032406,84.2816812346028,78.2887430490988,82.7170891596246,74.9254573956373,77.4545982816025,65.442360628028,71.9988719189423,67.1843913125923,42.4409550323766
2026-08-05,203.617129129903,189.585499308098,198.690446241523,171.559205475253,119.663355948528,128.477111493702,116.056834400524,113.575878075275,117.220869899262,115.189654047005,109.476540128414,105.293058104567,84.6877988316231,97.6005107006899,102.168543350014,82.3312594341064,89.3395181977648,78.7008997923072,79.5865977175407,68.6863089379868,74.0760580918552,69.8043927153275,41.727634683087
2026-08-06,193.324737979133,173.624620135634,189.708824879332,161.161346561807,118.0782149395,120.494620050317,119.078561419982,111.707414933136,111.61887949821,114.626469777342,104.355362110456,105.840436443149,87.4941046522505,97.2079616850984,96.8990355738403,82.3457530390201,86.6550285222305,78.9462550965705,78.5913983797872,69.5791134081982,71.5066207008969,69.7481608266785,42.1599185867227
2026-08-07,189.026742397623,177.122791894074,183.17592087281,159.471114179358,116.055836208808,116.692262850791,116.445428110338,111.511662359886,112.291686156179,110.823565369645,104.433193352456,103.845043145947,95.0643518223429,102.348523276205,103.015776966164,82.4617242315698,85.6293585588874,80.0948820612091,75.2328343418855,68.4257661972981,68.5778054405128,70.428789760194,45.4989590511342
2026-08-10,208.772187010798,182.369800392498,195.771530063066,167.96386962881,124.82882766349,127.790513279568,121.333908837316,116.799942951942,113.398013417029,109.960317406677,111.178581323544,107.174707328007,104.446063749691,103.459251803784,117.020466572956,90.3413982579814,91.1574417811649,83.7383591940866,78.5120600129607,70.745352762152,73.8148413958997,73.6109057473726,50.1549784900057
2026-08-11,221.304101776422,180.005613041279,192.759966036626,172.968867817567,130.865265401437,131.49702222696,121.755858681412,114.204037973819,113.601940027633,113.55658246083,108.973740133851,106.290745199972,100.470217468568,102.738567065263,110.329120455479,93.2391685780884,87.1739186054966,78.7078977764688,78.8860519091052,69.8996985934056,74.0850484823086,74.183268875125,49.6996108784258
2026-08-12,223.396266159436,191.480626632666,204.234356663056,176.423846196209,139.396293553548,135.666359100202,123.442403961984,120.964396796296,117.770862695704,113.457432732467,114.778504420146,107.077503430784,103.006917697189,100.652761571621,110.834238873717,94.1724317614245,88.1638331452315,81.8585663284068,79.6712139156757,71.2212464343859,74.7670197358393,72.420214687807,50.805567629213
2026-08-13,224.791364707554,203.66314106966,202.322802777428,181.973218305629,140.356912148916,136.929419314551,124.449944019105,123.234658765928,118.863897306137,116.376125449421,116.373746915728,110.10768426928,105.524368668375,105.005819039921,108.713794233297,92.6748902791836,89.8730365136696,83.9313234716917,79.9107927592398,71.4602852265258,75.410517246816,72.8574118628892,52.8587901503532
2026-08-14,223.953643776051,211.641201896995,200.34788983061,181.405906032547,139.649158736487,140.345011803745,124.259054248432,130.0658460622,121.92470133873,120.56549649897,115.07939188794,118.040810063751,107.545262280914,104.287168947961,105.575132186714,90.9036283886007,91.7255272526264,83.3860362820279,80.7992050421595,73.7124440040392,81.084354338883,72.6169890639894,51.7906055882599
2026-08-18,219.486368289547,200.027090665101,193.773294216793,175.688737765331,135.417488259009,135.555034118489,119.302799205265,123.988419107397,121.683941036302,115.63843603444,114.036642321371,111.252652943325,108.170592866778,102.436920225064,102.445533871174,89.8689338619243,88.0832796374272,81.4641634368726,76.7609169445016,70.1530249625818,73.2185776973908,67.8842176476889,48.8175803846903
2026-08-19,213.625629337579,192.197638235336,190.756625616135,163.573165474619,132.113757016061,130.010085043972,121.004400022246,119.689964930118,116.031039497945,113.117901815279,111.110872136574,107.071336654057,104.823002009128,104.400487625338,99.6690500658195,87.1914047195508,85.7676018783027,79.0694880188757,72.8249829929641,70.7408730613179,69.8257562288814,65.7345283032508,47.1693070474449
