"code","name","entry_date","exit_date","ret_pct","hold_days","c1_swing_low","c2_20d_low","c3_ma20","c4_ma60","c5_base_low","median_lag_td","n_lead","n_no_breach"
"A100790","미래에셋벤처투자",2026-01-06,2026-01-19,-14.61,13,"이탈없음","이탈없음","3","이탈없음","이탈없음",3,0,4
"A203400","에이비온",2026-01-07,2026-01-28,-8.3,21,"이탈없음","이탈없음","선행20","이탈없음","선행20",,2,3
"A125490","한라캐스트",2026-01-07,2026-01-13,-12.52,6,"3","이탈없음","3","이탈없음","3",3,0,2
"A083650","비에이치아이",2026-01-08,2026-01-12,-7.76,4,"이탈없음","이탈없음","2","이탈없음","2",2,0,3
"A368770","파이버프로",2026-01-08,2026-02-24,-10.51,47,"이탈없음","이탈없음","이탈없음","이탈없음","선행5",,1,4
"A448900","한국피아이엔",2026-01-08,2026-01-09,-7.22,1,"이탈없음","이탈없음","이탈없음","이탈없음","이탈없음",,0,5
"A089970","브이엔",2026-01-14,2026-01-27,-8.02,13,"7","4","9","4","7",7,0,0
"A095610","테스",2026-01-14,2026-01-15,-1.51,1,"0","이탈없음","이탈없음","이탈없음","0",0,0,3
"A071970","HD현대마린엔진",2026-01-19,2026-01-30,-5.05,11,"6","선행19","6","선행1","0",6,2,0
"A089890","코세스",2026-01-21,2026-02-24,-9.41,34,"6","이탈없음","9","21","5",7.5,0,1
"A095610","테스",2026-01-21,2026-01-23,-6.19,2,"2","이탈없음","2","이탈없음","2",2,0,2
"A354320","알멕",2026-01-21,2026-06-05,-1.72,135,"선행12","이탈없음","선행15","이탈없음","선행12",,3,2
"A044490","태웅",2026-01-23,2026-01-30,-7.2,7,"선행5","이탈없음","선행19","이탈없음","선행5",,3,2
"A474170","루미르",2026-01-27,2026-01-30,-3.31,3,"이탈없음","이탈없음","이탈없음","이탈없음","선행19",,1,4
"A388720","유일로보틱스",2026-01-29,2026-02-12,-13.1,14,"이탈없음","이탈없음","선행10","이탈없음","선행10",,2,3
"A009470","삼화전기",2026-01-29,2026-02-10,-0.49,12,"선행12","이탈없음","선행12","이탈없음","선행12",,3,2
"A058610","에스피지",2026-01-30,2026-02-12,-4.95,13,"이탈없음","이탈없음","이탈없음","이탈없음","선행10",,1,4
"A126340","비나텍",2026-01-30,2026-04-13,-0.45,73,"이탈없음","이탈없음","이탈없음","이탈없음","이탈없음",,0,5
"A389500","에스비비테크",2026-01-30,2026-02-12,-15.45,13,"5","이탈없음","1","이탈없음","8",5,0,2
"A298040","효성중공업",2026-02-03,2026-02-09,-5.23,6,"4","이탈없음","1","이탈없음","이탈없음",2.5,0,3
"A001430","세아베스틸지주",2026-02-06,2026-02-10,-9.09,4,"선행9","이탈없음","선행6","이탈없음","선행6",,3,2
"A264450","유비쿼스",2026-02-10,2026-02-23,-1.18,13,"선행6","이탈없음","선행6","이탈없음","선행6",,3,2
"A474170","루미르",2026-02-11,2026-03-06,-10.67,23,"4","이탈없음","4","이탈없음","4",4,0,2
"A009470","삼화전기",2026-02-11,2026-03-06,-22.15,23,"13","이탈없음","11","2","13",12,0,1
"A214430","아이쓰리시스템",2026-02-11,2026-02-12,-1.46,1,"선행10","이탈없음","선행6","이탈없음","선행10",,3,2
"A001430","세아베스틸지주",2026-02-11,2026-03-06,-31.3,23,"8","2","12","이탈없음","8",8,0,1
"A108490","로보티즈",2026-02-12,2026-03-06,-24.65,22,"3","2","12","3","3",3,0,0
"A232140","와이씨",2026-02-12,2026-03-06,-16.28,22,"선행17","이탈없음","2","이탈없음","2",2,1,2
"A081000","일진다이아",2026-02-23,2026-02-25,-0.05,2,"이탈없음","이탈없음","선행4","이탈없음","선행4",,2,3
"A001720","신영증권",2026-02-25,2026-04-23,-10.26,57,"37","이탈없음","36","이탈없음","37",37,0,2
"A034830","한국토지신탁",2026-02-27,2026-03-04,-5.6,5,"이탈없음","이탈없음","이탈없음","이탈없음","0",0,0,4
"A123890","한국자산신탁",2026-02-27,2026-03-06,-8.11,7,"3","이탈없음","2","선행17","3",3,1,1
"A053610","프로텍",2026-02-27,2026-03-06,-18.08,7,"3","이탈없음","3","이탈없음","3",3,0,2
"A449450","PLUS K방산",2026-03-05,2026-03-24,-1.65,19,"1","이탈없음","1","이탈없음","선행5",1,1,2
"A396500","TIGER 반도체TOP10",2026-03-09,2026-03-25,-2.73,16,"선행4","이탈없음","선행3","이탈없음","선행4",,3,2
"A079550","LIG디펜스앤에어로스페이스",2026-03-10,2026-03-24,-18.36,14,"이탈없음","이탈없음","이탈없음","이탈없음","선행5",,1,4
"A232080","TIGER 코스닥150",2026-03-10,2026-03-25,-2.35,15,"이탈없음","이탈없음","7","이탈없음","선행4",7,1,3
"A097230","HJ중공업",2026-03-30,2026-04-06,-12.38,7,"5","이탈없음","5","5","5",5,0,1
"A006800","미래에셋증권",2026-03-30,2026-04-08,-8.19,9,"이탈없음","이탈없음","7","이탈없음","6",6.5,0,3
"A347700","스피어",2026-03-30,2026-05-11,-11.09,42,"22","선행14","27","선행14","22",22,2,0
"A001120","LX인터내셔널",2026-03-31,2026-04-10,-7.25,10,"이탈없음","이탈없음","이탈없음","이탈없음","이탈없음",,0,5
"A100840","SNT에너지",2026-03-31,2026-05-18,-5.08,48,"1","선행10","0","선행2","1",1,2,0
"A402340","SK스퀘어",2026-04-03,2026-04-06,-5.8,3,"이탈없음","이탈없음","1","1","이탈없음",1,0,3
"A042700","한미반도체",2026-04-03,2026-04-06,-3.97,3,"이탈없음","이탈없음","1","이탈없음","이탈없음",1,0,4
"A402340","SK스퀘어",2026-04-06,2026-04-07,-5.98,1,"이탈없음","이탈없음","1","1","이탈없음",1,0,3
"A449450","PLUS K방산",2026-04-06,2026-04-08,-0.09,2,"이탈없음","이탈없음","이탈없음","이탈없음","이탈없음",,0,5
"A010820","퍼스텍",2026-04-15,2026-07-22,-52.28,98,"22","20","34","20","38",22,0,0
"A0091P0","TIGER 코리아원자력",2026-04-20,2026-05-19,-6.22,29,"1","선행9","0","선행11","1",1,2,0
"A200710","에이디테크놀로지",2026-05-08,2026-05-11,-2.73,3,"1","선행4","1","선행1","1",1,2,0
"A028260","삼성물산",2026-05-11,2026-05-11,-2.59,0,"이탈없음","이탈없음","이탈없음","이탈없음","이탈없음",,0,5
"A005935","삼성전자우",2026-05-13,2026-05-15,-7.1,2,"이탈없음","이탈없음","이탈없음","이탈없음","이탈없음",,0,5
"A425040","티이엠씨",2026-05-15,2026-06-04,-23.32,20,"4","선행16","선행2","선행13","4",4,3,0
"A005935","삼성전자우",2026-05-18,2026-05-19,-7.29,1,"이탈없음","이탈없음","이탈없음","이탈없음","이탈없음",,0,5
"A080220","제주반도체",2026-05-22,2026-07-07,-7.14,46,"선행16","이탈없음","선행14","선행16","0",0,3,1
"A033160","엔케이전자",2026-05-28,2026-06-01,-16.27,4,"1","1","1","1","1",1,0,0
"A035420","NAVER",2026-06-02,2026-06-09,-1.7,7,"이탈없음","이탈없음","선행10","선행10","이탈없음",,2,3
"A018260","삼성에스디에스",2026-06-04,2026-06-05,-4.6,1,"이탈없음","이탈없음","선행10","이탈없음","0",0,1,3
"A052710","아모텍",2026-06-17,2026-06-30,-30.79,13,"3","선행17","5","2","5",4,1,0
"A077970","STX엔진",2026-06-19,2026-07-09,-22.45,20,"12","12","14","14","14",14,0,0
"A402340","SK스퀘어",2026-06-26,2026-06-30,-6.66,4,"선행2","선행19","선행5","선행19","선행2",,5,0
"A128940","한미약품",2026-07-01,2026-07-02,-3.27,1,"선행8","선행8","선행4","1","선행8",1,4,0
"A278470","에이피알",2026-07-03,2026-08-19,-10.02,47,"15","15","31","31","31",31,0,0
"A052710","아모텍",2026-07-03,2026-08-10,-20.78,38,"23","23","25","25","23",23,0,0
"A010060","OCI홀딩스",2026-07-03,2026-07-27,-9.11,24,"12","12","15","15","14",14,0,0
"A062040","산일전기",2026-07-03,2026-07-07,-17.14,4,"0","0","2","2","2",2,0,0
"A006340","대원전선",2026-07-03,2026-07-09,-14.56,6,"이탈없음","이탈없음","1","1","0",1,0,2
"A095610","테스",2026-07-03,2026-07-21,-7.11,18,"9","선행5","10","선행5","10",10,2,0
"A298040","효성중공업",2026-07-06,2026-07-09,-16.79,3,"2","2","3","3","2",2,0,0
"A080220","제주반도체",2026-07-14,2026-07-28,-14.62,14,"2","2","9","9","9",9,0,0
"A058470","리노공업",2026-07-14,2026-08-19,-6.04,36,"15","15","24","24","15",15,0,0
"A031980","피에스케이홀딩스",2026-07-20,2026-07-27,-21.77,7,"2","1","5","2","2",2,0,0
"A009150","삼성전기",2026-07-24,2026-07-24,-3.92,0,"선행2","선행2","0","0","선행2",0,3,0
"A402340","SK스퀘어",2026-07-24,2026-07-24,-5.54,0,"0","선행2","0","0","0",0,1,0
"A229640","LS에코에너지",2026-07-27,2026-08-10,-13.95,14,"9","9","10","10","9",9,0,0
"A005090","SGC에너지",2026-07-28,2026-08-10,-6.83,13,"7","이탈없음*","9","9","9",9,0,1
"A463020","뉴엔AI",2026-08-06,2026-08-21,-15.12,15,"이탈없음*","이탈없음*","이탈없음*","이탈없음*","이탈없음*",,0,5
"A108860","셀바스AI",2026-08-06,2026-08-13,-3.07,7,"이탈없음*","이탈없음*","이탈없음*","이탈없음*","이탈없음*",,0,5
"A035420","NAVER",2026-08-06,2026-08-10,-0.71,4,"이탈없음*","이탈없음*","이탈없음*","1","이탈없음*",1,0,4
"A377480","마음AI",2026-08-06,2026-08-13,-4.14,7,"이탈없음*","이탈없음*","이탈없음*","5","이탈없음*",5,0,4
"A304100","솔트룩스",2026-08-07,2026-08-20,-7.34,13,"이탈없음*","이탈없음*","이탈없음*","이탈없음*","8",8,0,4
"A126340","비나텍",2026-08-18,2026-08-20,-8.36,2,"2","이탈없음*","선행1","2","2",2,1,1
