code,name,entry_date,exit_date,entry_phase,ret_pct,stock_ret_20d,kospi_ret_20d,rs_20,disparity_20
A100790,미래에셋벤처투자,2026-01-06,2026-01-19,1,-14.61,55.84,12.34,43.5,115.38
A203400,에이비온,2026-01-07,2026-01-28,1,-8.3,0.78,11.0,-10.22,124.26
A125490,한라캐스트,2026-01-07,2026-01-13,1,-12.52,-2.47,11.0,-13.47,103.83
A083650,비에이치아이,2026-01-08,2026-01-12,1,-7.76,0.76,9.57,-8.81,96.71
A368770,파이버프로,2026-01-08,2026-02-24,1,-10.51,95.41,9.57,85.84,137.72
A448900,한국피아이엔,2026-01-08,2026-01-09,1,-7.22,-2.99,9.57,-12.55,109.84
A089970,브이엔,2026-01-14,2026-01-27,2,-8.02,-6.04,13.34,-19.39,94.63
A095610,테스,2026-01-14,2026-01-15,1,-1.51,38.13,13.34,24.79,111.12
A071970,HD현대마린엔진,2026-01-19,2026-01-30,1,-5.05,17.7,20.91,-3.21,103.07
A089890,코세스,2026-01-21,2026-02-24,6,-9.41,15.74,22.12,-6.38,107.84
A095610,테스,2026-01-21,2026-01-23,1,-6.19,22.7,22.12,0.58,95.54
A354320,알멕,2026-01-21,2026-06-05,1,-1.72,122.87,22.12,100.75,144.17
A044490,태웅,2026-01-23,2026-01-30,1,-7.2,14.58,21.2,-6.62,109.95
A474170,루미르,2026-01-27,2026-01-30,1,-3.31,62.21,23.13,39.08,114.39
A388720,유일로보틱스,2026-01-29,2026-02-12,1,-13.1,81.13,23.9,57.23,152.25
A009470,삼화전기,2026-01-29,2026-02-10,1,-0.49,76.07,23.9,52.17,147.25
A058610,에스피지,2026-01-30,2026-02-12,1,-4.95,85.85,21.23,64.63,147.45
A126340,비나텍,2026-01-30,2026-04-13,1,-0.45,20.66,21.23,-0.57,107.44
A389500,에스비비테크,2026-01-30,2026-02-12,1,-15.45,104.9,21.23,83.68,124.4
A298040,효성중공업,2026-02-03,2026-02-09,1,-5.23,28.29,16.85,11.44,105.06
A001430,세아베스틸지주,2026-02-06,2026-02-10,1,-9.09,35.82,10.96,24.85,114.15
A264450,유비쿼스,2026-02-10,2026-02-23,1,-1.18,40.66,12.98,27.68,112.07
A474170,루미르,2026-02-11,2026-03-06,1,-10.67,55.67,13.37,42.3,120.12
A009470,삼화전기,2026-02-11,2026-03-06,1,-22.15,59.8,13.37,46.43,107.08
A214430,아이쓰리시스템,2026-02-11,2026-02-12,1,-1.46,23.78,13.37,10.41,108.89
A001430,세아베스틸지주,2026-02-11,2026-03-06,1,-31.3,10.9,13.37,-2.47,100.16
A108490,로보티즈,2026-02-12,2026-03-06,2,-24.65,4.98,15.11,-10.12,99.66
A232140,와이씨,2026-02-12,2026-03-06,1,-16.28,34.75,15.11,19.65,114.36
A081000,일진다이아,2026-02-23,2026-02-25,1,-0.05,30.66,19.07,11.59,112.72
A001720,신영증권,2026-02-25,2026-04-23,1,-10.26,40.53,21.92,18.61,117.67
A034830,한국토지신탁,2026-02-27,2026-03-04,1,-5.6,32.98,22.8,10.18,117.48
A123890,한국자산신탁,2026-02-27,2026-03-06,1,-8.11,18.73,22.8,-4.07,107.72
A053610,프로텍,2026-02-27,2026-03-06,1,-18.08,48.92,22.8,26.12,109.11
A449450,PLUS K방산,2026-03-05,2026-03-24,1,-1.65,11.52,6.88,4.64,111.54
A396500,TIGER 반도체TOP10,2026-03-09,2026-03-25,1,-2.73,6.01,-0.68,6.7,101.51
A079550,LIG디펜스앤에어로스페이스,2026-03-10,2026-03-24,1,-18.36,61.83,3.01,58.83,137.29
A232080,TIGER 코스닥150,2026-03-10,2026-03-25,1,-2.35,0.46,3.01,-2.54,102.23
A097230,HJ중공업,2026-03-30,2026-04-06,3,-12.38,-10.87,-15.48,4.61,89.92
A006800,미래에셋증권,2026-03-30,2026-04-08,2,-8.19,-12.28,-15.48,3.2,94.71
A347700,스피어,2026-03-30,2026-05-11,1,-11.09,13.4,-15.48,28.89,102.2
A001120,LX인터내셔널,2026-03-31,2026-04-10,1,-7.25,4.75,-12.77,17.51,102.95
A100840,SNT에너지,2026-03-31,2026-05-18,1,-5.08,14.97,-12.77,27.74,111.07
A402340,SK스퀘어,2026-04-03,2026-04-06,3,-5.8,-12.66,-3.72,-8.94,87.64
A042700,한미반도체,2026-04-03,2026-04-06,2,-3.97,-22.04,-3.72,-18.32,88.97
A402340,SK스퀘어,2026-04-06,2026-04-07,3,-5.98,-4.32,3.78,-8.1,88.55
A449450,PLUS K방산,2026-04-06,2026-04-08,1,-0.09,-2.59,3.78,-6.37,103.61
A010820,퍼스텍,2026-04-15,2026-07-22,1,-52.28,61.59,2.81,58.78,145.27
A200710,에이디테크놀로지,2026-05-08,2026-05-11,2,-2.73,-5.69,27.68,-33.37,94.75
A028260,삼성물산,2026-05-11,2026-05-11,1,-2.59,50.67,35.38,15.29,138.16
A005935,삼성전자우,2026-05-13,2026-05-15,1,-7.1,36.53,35.04,1.49,115.32
A425040,티이엠씨,2026-05-15,2026-06-04,1,-23.32,70.02,23.01,47.01,122.85
A005935,삼성전자우,2026-05-18,2026-05-19,1,-7.29,24.23,20.72,3.51,108.8
A080220,제주반도체,2026-05-22,2026-07-07,1,-7.14,152.82,22.28,130.54,170.56
A033160,엔케이전자,2026-05-28,2026-06-01,1,-16.27,1.54,23.74,-22.2,101.32
A035420,NAVER,2026-06-02,2026-06-09,1,-1.7,32.94,33.38,-0.44,131.85
A018260,삼성에스디에스,2026-06-04,2026-06-05,1,-4.6,60.58,24.54,36.03,125.72
A052710,아모텍,2026-06-17,2026-06-30,1,-30.79,77.95,17.94,60.01,119.77
A077970,STX엔진,2026-06-19,2026-07-09,4,-22.45,-19.06,25.57,-44.64,90.02
A402340,SK스퀘어,2026-06-26,2026-06-30,1,-6.66,39.05,2.76,36.29,115.36
A128940,한미약품,2026-07-01,2026-07-02,4,-3.27,-16.77,-5.66,-11.11,100.71
A278470,에이피알,2026-07-03,2026-08-19,5,-10.02,-1.67,-0.89,-0.79,98.32
A052710,아모텍,2026-07-03,2026-08-10,3,-20.78,-13.28,-0.89,-12.39,81.22
A010060,OCI홀딩스,2026-07-03,2026-07-27,4,-9.11,-28.64,-0.89,-27.76,85.6
A062040,산일전기,2026-07-03,2026-07-07,3,-17.14,0.0,-0.89,0.89,95.4
A006340,대원전선,2026-07-03,2026-07-09,1,-14.56,24.17,-0.89,25.05,120.25
A095610,테스,2026-07-03,2026-07-21,1,-7.11,27.37,-0.89,28.26,101.73
A298040,효성중공업,2026-07-06,2026-07-09,4,-16.79,-2.47,7.57,-10.05,88.98
A080220,제주반도체,2026-07-14,2026-07-28,3,-14.62,-27.17,-21.43,-5.75,75.26
A058470,리노공업,2026-07-14,2026-08-19,4,-6.04,-22.81,-21.43,-1.38,89.97
A031980,피에스케이홀딩스,2026-07-20,2026-07-27,1,-21.77,13.96,-28.02,41.97,94.68
A009150,삼성전기,2026-07-24,2026-07-24,4,-3.92,-33.6,-25.08,-8.52,81.86
A402340,SK스퀘어,2026-07-24,2026-07-24,3,-5.54,-41.6,-25.08,-16.52,79.75
A229640,LS에코에너지,2026-07-27,2026-08-10,4,-13.95,-6.38,-19.68,13.3,94.09
A005090,SGC에너지,2026-07-28,2026-08-10,5,-6.83,-4.67,-28.24,23.58,95.95
A463020,뉴엔AI,2026-08-06,2026-08-21,6,-15.12,82.42,-13.11,95.53,154.38
A108860,셀바스AI,2026-08-06,2026-08-13,6,-3.07,54.96,-13.11,68.07,135.32
A035420,NAVER,2026-08-06,2026-08-10,1,-0.71,17.28,-13.11,30.4,111.16
A377480,마음AI,2026-08-06,2026-08-13,6,-4.14,32.51,-13.11,45.62,118.61
A304100,솔트룩스,2026-08-07,2026-08-20,6,-7.34,51.7,-14.17,65.87,132.38
A126340,비나텍,2026-08-18,2026-08-20,5,-8.36,19.57,5.43,14.14,105.19
