code,name,entry_date,entry_phase,exit_date,exit_phase,ret_pct,n_phase_changes,path
A100790,미래에셋벤처투자,2026-01-06,1,2026-01-19,2,-14.61,1,1@2026-01-06 -> 2@2026-01-15
A203400,에이비온,2026-01-07,1,2026-01-28,1,-8.3,0,1@2026-01-07
A950250,테라뷰,2026-01-07,4,2026-01-08,4,-5.21,0,4@2026-01-07
A125490,한라캐스트,2026-01-07,1,2026-01-13,1,-12.52,0,1@2026-01-07
A083650,비에이치아이,2026-01-08,1,2026-01-12,1,-7.76,0,1@2026-01-08
A368770,파이버프로,2026-01-08,1,2026-02-24,2,-10.51,1,1@2026-01-08 -> 2@2026-02-12
A448900,한국피아이엔,2026-01-08,1,2026-01-09,1,-7.22,0,1@2026-01-08
A089970,브이엔,2026-01-14,2,2026-01-27,3,-8.02,1,2@2026-01-14 -> 3@2026-01-21
A095610,테스,2026-01-14,1,2026-01-15,1,-1.51,0,1@2026-01-14
A071970,HD현대마린엔진,2026-01-19,1,2026-01-30,2,-5.05,1,1@2026-01-19 -> 2@2026-01-26
A089890,코세스,2026-01-21,6,2026-02-24,4,-9.41,4,6@2026-01-21 -> 1@2026-01-23 -> 2@2026-02-06 -> 3@2026-02-09 -> 4@2026-02-13
A095610,테스,2026-01-21,1,2026-01-23,2,-6.19,1,1@2026-01-21 -> 2@2026-01-22
A354320,알멕,2026-01-21,1,2026-06-05,3,-1.72,9,1@2026-01-21 -> 2@2026-02-26 -> 1@2026-03-11 -> 2@2026-03-17 -> 3@2026-03-19 -> 1@2026-04-02 -> 2@2026-05-12 -> 1@2026-05-15 -> 2@2026-05-28 -> 3@2026-06-01
A044490,태웅,2026-01-23,1,2026-01-30,1,-7.2,0,1@2026-01-23
A474170,루미르,2026-01-27,1,2026-01-30,1,-3.31,0,1@2026-01-27
A388720,유일로보틱스,2026-01-29,1,2026-02-12,1,-13.1,0,1@2026-01-29
A009470,삼화전기,2026-01-29,1,2026-02-10,1,-0.49,0,1@2026-01-29
A058610,에스피지,2026-01-30,1,2026-02-12,1,-4.95,0,1@2026-01-30
A126340,비나텍,2026-01-30,1,2026-04-13,3,-0.45,2,1@2026-01-30 -> 2@2026-03-25 -> 3@2026-03-31
A389500,에스비비테크,2026-01-30,1,2026-02-12,2,-15.45,1,1@2026-01-30 -> 2@2026-02-10
A298040,효성중공업,2026-02-03,1,2026-02-09,1,-5.23,0,1@2026-02-03
A001430,세아베스틸지주,2026-02-06,1,2026-02-10,1,-9.09,0,1@2026-02-06
A264450,유비쿼스,2026-02-10,1,2026-02-23,1,-1.18,0,1@2026-02-10
A474170,루미르,2026-02-11,1,2026-03-06,3,-10.67,2,1@2026-02-11 -> 2@2026-02-27 -> 3@2026-03-04
A009470,삼화전기,2026-02-11,1,2026-03-06,3,-22.15,2,1@2026-02-11 -> 2@2026-03-03 -> 3@2026-03-04
A214430,아이쓰리시스템,2026-02-11,1,2026-02-12,1,-1.46,0,1@2026-02-11
A001430,세아베스틸지주,2026-02-11,1,2026-03-06,3,-31.3,2,1@2026-02-11 -> 2@2026-02-23 -> 3@2026-03-04
A108490,로보티즈,2026-02-12,2,2026-03-06,4,-24.65,4,2@2026-02-12 -> 1@2026-02-26 -> 2@2026-03-03 -> 3@2026-03-04 -> 4@2026-03-05
A232140,와이씨,2026-02-12,1,2026-03-06,1,-16.28,2,1@2026-02-12 -> 2@2026-03-04 -> 1@2026-03-05
A081000,일진다이아,2026-02-23,1,2026-02-25,1,-0.05,0,1@2026-02-23
A001720,신영증권,2026-02-25,1,2026-04-23,1,-10.26,6,1@2026-02-25 -> 2@2026-03-05 -> 1@2026-03-12 -> 2@2026-03-30 -> 3@2026-04-02 -> 2@2026-04-08 -> 1@2026-04-09
A034830,한국토지신탁,2026-02-27,1,2026-03-04,1,-5.6,0,1@2026-02-27
A123890,한국자산신탁,2026-02-27,1,2026-03-06,1,-8.11,0,1@2026-02-27
A053610,프로텍,2026-02-27,1,2026-03-06,1,-18.08,0,1@2026-02-27
A449450,PLUS K방산,2026-03-05,1,2026-03-24,2,-1.65,1,1@2026-03-05 -> 2@2026-03-23
A396500,TIGER 반도체TOP10,2026-03-09,1,2026-03-25,1,-2.73,0,1@2026-03-09
A079550,LIG디펜스앤에어로스페이스,2026-03-10,1,2026-03-24,1,-18.36,0,1@2026-03-10
A232080,TIGER 코스닥150,2026-03-10,1,2026-03-25,1,-2.35,2,1@2026-03-10 -> 2@2026-03-23 -> 1@2026-03-25
A097230,HJ중공업,2026-03-30,3,2026-04-06,4,-12.38,1,3@2026-03-30 -> 4@2026-04-02
A006800,미래에셋증권,2026-03-30,2,2026-04-08,1,-8.19,1,2@2026-03-30 -> 1@2026-04-08
A347700,스피어,2026-03-30,1,2026-05-11,1,-11.09,7,1@2026-03-30 -> 2@2026-04-06 -> 3@2026-04-13 -> 2@2026-04-14 -> 1@2026-04-16 -> 2@2026-04-21 -> 3@2026-04-27 -> 1@2026-05-11
A001120,LX인터내셔널,2026-03-31,1,2026-04-10,1,-7.25,0,1@2026-03-31
A100840,SNT에너지,2026-03-31,1,2026-05-18,3,-5.08,2,1@2026-03-31 -> 2@2026-05-12 -> 3@2026-05-14
A402340,SK스퀘어,2026-04-03,3,2026-04-06,3,-5.8,0,3@2026-04-03
A042700,한미반도체,2026-04-03,2,2026-04-06,2,-3.97,0,2@2026-04-03
A402340,SK스퀘어,2026-04-06,3,2026-04-07,3,-5.98,0,3@2026-04-06
A449450,PLUS K방산,2026-04-06,1,2026-04-08,1,-0.09,0,1@2026-04-06
A010820,퍼스텍,2026-04-15,1,2026-07-22,4,-52.28,3,1@2026-04-15 -> 2@2026-05-14 -> 3@2026-05-26 -> 4@2026-06-02
A200710,에이디테크놀로지,2026-05-08,2,2026-05-11,2,-2.73,0,2@2026-05-08
A028260,삼성물산,2026-05-11,1,2026-05-11,1,-2.59,0,1@2026-05-11
A005935,삼성전자우,2026-05-13,1,2026-05-15,1,-7.1,0,1@2026-05-13
A425040,티이엠씨,2026-05-15,1,2026-06-04,2,-23.32,1,1@2026-05-15 -> 2@2026-05-29
A005935,삼성전자우,2026-05-18,1,2026-05-19,1,-7.29,0,1@2026-05-18
A080220,제주반도체,2026-05-22,1,2026-07-07,3,-7.14,2,1@2026-05-22 -> 2@2026-07-01 -> 3@2026-07-07
A033160,엔케이전자,2026-05-28,1,2026-06-01,2,-16.27,1,1@2026-05-28 -> 2@2026-05-29
A035420,NAVER,2026-06-02,1,2026-06-09,1,-1.7,0,1@2026-06-02
A018260,삼성에스디에스,2026-06-04,1,2026-06-05,1,-4.6,0,1@2026-06-04
A052710,아모텍,2026-06-17,1,2026-06-30,3,-30.79,2,1@2026-06-17 -> 2@2026-06-25 -> 3@2026-06-26
A077970,STX엔진,2026-06-19,4,2026-07-09,4,-22.45,0,4@2026-06-19
A402340,SK스퀘어,2026-06-26,1,2026-06-30,1,-6.66,0,1@2026-06-26
A128940,한미약품,2026-07-01,4,2026-07-02,4,-3.27,0,4@2026-07-01
A278470,에이피알,2026-07-03,5,2026-08-19,1,-10.02,6,5@2026-07-03 -> 4@2026-07-06 -> 6@2026-07-07 -> 4@2026-07-09 -> 5@2026-08-07 -> 6@2026-08-10 -> 1@2026-08-18
A052710,아모텍,2026-07-03,3,2026-08-10,4,-20.78,1,3@2026-07-03 -> 4@2026-07-07
A010060,OCI홀딩스,2026-07-03,4,2026-07-27,5,-9.11,1,4@2026-07-03 -> 5@2026-07-23
A062040,산일전기,2026-07-03,3,2026-07-07,4,-17.14,1,3@2026-07-03 -> 4@2026-07-06
A006340,대원전선,2026-07-03,1,2026-07-09,3,-14.56,2,1@2026-07-03 -> 2@2026-07-08 -> 3@2026-07-09
A095610,테스,2026-07-03,1,2026-07-21,1,-7.11,2,1@2026-07-03 -> 2@2026-07-07 -> 1@2026-07-13
A298040,효성중공업,2026-07-06,4,2026-07-09,4,-16.79,0,4@2026-07-06
A080220,제주반도체,2026-07-14,3,2026-07-28,4,-14.62,1,3@2026-07-14 -> 4@2026-07-20
A058470,리노공업,2026-07-14,4,2026-08-19,4,-6.04,2,4@2026-07-14 -> 5@2026-08-12 -> 4@2026-08-19
A031980,피에스케이홀딩스,2026-07-20,1,2026-07-27,3,-21.77,2,1@2026-07-20 -> 2@2026-07-22 -> 3@2026-07-23
A009150,삼성전기,2026-07-24,4,2026-07-24,4,-3.92,0,4@2026-07-24
A402340,SK스퀘어,2026-07-24,3,2026-07-24,3,-5.54,0,3@2026-07-24
A229640,LS에코에너지,2026-07-27,4,2026-08-10,5,-13.95,1,4@2026-07-27 -> 5@2026-08-10
A005090,SGC에너지,2026-07-28,5,2026-08-10,1,-6.83,3,5@2026-07-28 -> 4@2026-07-29 -> 6@2026-08-04 -> 1@2026-08-10
A463020,뉴엔AI,2026-08-06,6,2026-08-21,1,-15.12,1,6@2026-08-06 -> 1@2026-08-07
A108860,셀바스AI,2026-08-06,6,2026-08-13,1,-3.07,1,6@2026-08-06 -> 1@2026-08-07
A035420,NAVER,2026-08-06,1,2026-08-10,1,-0.71,0,1@2026-08-06
A377480,마음AI,2026-08-06,6,2026-08-13,6,-4.14,0,6@2026-08-06
A304100,솔트룩스,2026-08-07,6,2026-08-20,1,-7.34,1,6@2026-08-07 -> 1@2026-08-11
A126340,비나텍,2026-08-18,5,2026-08-20,5,-8.36,0,5@2026-08-18
