"trade_id","code","name","entry_date","exit_date","entry_px_avg","ret_pct","hold_days","candidate","level","dist_pct_from_entry","breach_date","status","reaction_lag_td"
1,"A100790","미래에셋벤처투자",2026-01-06,2026-01-19,14532.86,-14.61,13,"c1_swing_low",12260,-15.6394543125028,,"이탈없음",
1,"A100790","미래에셋벤처투자",2026-01-06,2026-01-19,14532.86,-14.61,13,"c2_20d_low",9220,-36.5575667831383,,"이탈없음",
1,"A100790","미래에셋벤처투자",2026-01-06,2026-01-19,14532.86,-14.61,13,"c3_ma20",12844.5,-11.6175343325402,2026-01-14,"청산지연",3
1,"A100790","미래에셋벤처투자",2026-01-06,2026-01-19,14532.86,-14.61,13,"c4_ma60",9784.83333333333,-32.6709723114835,,"이탈없음",
1,"A100790","미래에셋벤처투자",2026-01-06,2026-01-19,14532.86,-14.61,13,"c5_base_low",12260,-15.6394543125028,,"이탈없음",
2,"A203400","에이비온",2026-01-07,2026-01-28,3802.77,-8.3,21,"c1_swing_low",2640,-30.5769215598103,,"이탈없음",
2,"A203400","에이비온",2026-01-07,2026-01-28,3802.77,-8.3,21,"c2_20d_low",2465,-35.178830168535,,"이탈없음",
2,"A203400","에이비온",2026-01-07,2026-01-28,3802.77,-8.3,21,"c3_ma20",3102.25,-18.4213086776218,2026-03-03,"청산선행",-20
2,"A203400","에이비온",2026-01-07,2026-01-28,3802.77,-8.3,21,"c4_ma60",2826.96294555664,-25.6604279102696,,"이탈없음",
2,"A203400","에이비온",2026-01-07,2026-01-28,3802.77,-8.3,21,"c5_base_low",3095,-18.6119591771261,2026-03-03,"청산선행",-20
5,"A125490","한라캐스트",2026-01-07,2026-01-13,19810,-12.52,6,"c1_swing_low",18000,-9.13679959616356,2026-01-08,"청산지연",3
5,"A125490","한라캐스트",2026-01-07,2026-01-13,19810,-12.52,6,"c2_20d_low",15850,-19.989904088844,,"이탈없음",
5,"A125490","한라캐스트",2026-01-07,2026-01-13,19810,-12.52,6,"c3_ma20",18279.5,-7.7258960121151,2026-01-08,"청산지연",3
5,"A125490","한라캐스트",2026-01-07,2026-01-13,19810,-12.52,6,"c4_ma60",13991,-29.3740535083291,,"이탈없음",
5,"A125490","한라캐스트",2026-01-07,2026-01-13,19810,-12.52,6,"c5_base_low",18000,-9.13679959616356,2026-01-08,"청산지연",3
6,"A083650","비에이치아이",2026-01-08,2026-01-12,58000,-7.76,4,"c1_swing_low",51300,-11.551724137931,,"이탈없음",
6,"A083650","비에이치아이",2026-01-08,2026-01-12,58000,-7.76,4,"c2_20d_low",50200,-13.448275862069,,"이탈없음",
6,"A083650","비에이치아이",2026-01-08,2026-01-12,58000,-7.76,4,"c3_ma20",54905,-5.33620689655172,2026-01-08,"청산지연",2
6,"A083650","비에이치아이",2026-01-08,2026-01-12,58000,-7.76,4,"c4_ma60",49871.6666666667,-14.014367816092,,"이탈없음",
6,"A083650","비에이치아이",2026-01-08,2026-01-12,58000,-7.76,4,"c5_base_low",54400,-6.20689655172414,2026-01-08,"청산지연",2
7,"A368770","파이버프로",2026-01-08,2026-02-24,15490,-10.51,47,"c1_swing_low",9600,-38.0245319561007,,"이탈없음",
7,"A368770","파이버프로",2026-01-08,2026-02-24,15490,-10.51,47,"c2_20d_low",7110,-54.0994189799871,,"이탈없음",
7,"A368770","파이버프로",2026-01-08,2026-02-24,15490,-10.51,47,"c3_ma20",10514,-32.1239509360878,,"이탈없음",
7,"A368770","파이버프로",2026-01-08,2026-02-24,15490,-10.51,47,"c4_ma60",7612,-50.8586184635249,,"이탈없음",
7,"A368770","파이버프로",2026-01-08,2026-02-24,15490,-10.51,47,"c5_base_low",12200,-21.239509360878,2026-03-04,"청산선행",-5
8,"A448900","한국피아이엔",2026-01-08,2026-01-09,53300,-7.22,1,"c1_swing_low",42850,-19.6060037523452,,"이탈없음",
8,"A448900","한국피아이엔",2026-01-08,2026-01-09,53300,-7.22,1,"c2_20d_low",42850,-19.6060037523452,,"이탈없음",
8,"A448900","한국피아이엔",2026-01-08,2026-01-09,53300,-7.22,1,"c3_ma20",53260,-0.0750469043152013,,"이탈없음",
8,"A448900","한국피아이엔",2026-01-08,2026-01-09,53300,-7.22,1,"c4_ma60",42812.5,-19.6763602251407,,"이탈없음",
8,"A448900","한국피아이엔",2026-01-08,2026-01-09,53300,-7.22,1,"c5_base_low",47450,-10.9756097560976,,"이탈없음",
16,"A089970","브이엔",2026-01-14,2026-01-27,27785.71,-8.02,13,"c1_swing_low",27050,-2.64779989426219,2026-01-16,"청산지연",7
16,"A089970","브이엔",2026-01-14,2026-01-27,27785.71,-8.02,13,"c2_20d_low",26050,-6.24677217173863,2026-01-21,"청산지연",4
16,"A089970","브이엔",2026-01-14,2026-01-27,27785.71,-8.02,13,"c3_ma20",28742.5,3.44346068536669,2026-01-14,"청산지연",9
16,"A089970","브이엔",2026-01-14,2026-01-27,27785.71,-8.02,13,"c4_ma60",26351.6666666667,-5.16108220136657,2026-01-21,"청산지연",4
16,"A089970","브이엔",2026-01-14,2026-01-27,27785.71,-8.02,13,"c5_base_low",27050,-2.64779989426219,2026-01-16,"청산지연",7
17,"A095610","테스",2026-01-14,2026-01-15,52900,-1.51,1,"c1_swing_low",50500,-4.53686200378072,2026-01-15,"청산지연",0
17,"A095610","테스",2026-01-14,2026-01-15,52900,-1.51,1,"c2_20d_low",35450,-32.9867674858223,,"이탈없음",
17,"A095610","테스",2026-01-14,2026-01-15,52900,-1.51,1,"c3_ma20",46615,-11.8809073724008,,"이탈없음",
17,"A095610","테스",2026-01-14,2026-01-15,52900,-1.51,1,"c4_ma60",43947.5,-16.9234404536862,,"이탈없음",
17,"A095610","테스",2026-01-14,2026-01-15,52900,-1.51,1,"c5_base_low",50500,-4.53686200378072,2026-01-15,"청산지연",0
21,"A071970","HD현대마린엔진",2026-01-19,2026-01-30,95500,-5.05,11,"c1_swing_low",92100,-3.56020942408377,2026-01-22,"청산지연",6
21,"A071970","HD현대마린엔진",2026-01-19,2026-01-30,95500,-5.05,11,"c2_20d_low",78300,-18.0104712041885,2026-03-04,"청산선행",-19
21,"A071970","HD현대마린엔진",2026-01-19,2026-01-30,95500,-5.05,11,"c3_ma20",92265,-3.38743455497382,2026-01-22,"청산지연",6
21,"A071970","HD현대마린엔진",2026-01-19,2026-01-30,95500,-5.05,11,"c4_ma60",88161.6666666667,-7.68411867364747,2026-02-02,"청산선행",-1
21,"A071970","HD현대마린엔진",2026-01-19,2026-01-30,95500,-5.05,11,"c5_base_low",89400,-6.38743455497383,2026-01-30,"청산지연",0
22,"A089890","코세스",2026-01-21,2026-02-24,27808.16,-9.41,34,"c1_swing_low",22950,-17.4702677199786,2026-02-11,"청산지연",6
22,"A089890","코세스",2026-01-21,2026-02-24,27808.16,-9.41,34,"c2_20d_low",19500,-29.8766980627269,,"이탈없음",
22,"A089890","코세스",2026-01-21,2026-02-24,27808.16,-9.41,34,"c3_ma20",23182.5,-16.6341821968803,2026-02-06,"청산지연",9
22,"A089890","코세스",2026-01-21,2026-02-24,27808.16,-9.41,34,"c4_ma60",25823.3333333333,-7.13756921229836,2026-01-21,"청산지연",21
22,"A089890","코세스",2026-01-21,2026-02-24,27808.16,-9.41,34,"c5_base_low",22550,-18.9086944263842,2026-02-12,"청산지연",5
23,"A095610","테스",2026-01-21,2026-01-23,50900,-6.19,2,"c1_swing_low",48900,-3.92927308447937,2026-01-21,"청산지연",2
23,"A095610","테스",2026-01-21,2026-01-23,50900,-6.19,2,"c2_20d_low",38050,-25.24557956778,,"이탈없음",
23,"A095610","테스",2026-01-21,2026-01-23,50900,-6.19,2,"c3_ma20",49507.5,-2.73575638506877,2026-01-21,"청산지연",2
23,"A095610","테스",2026-01-21,2026-01-23,50900,-6.19,2,"c4_ma60",44063.3333333333,-13.4315651604453,,"이탈없음",
23,"A095610","테스",2026-01-21,2026-01-23,50900,-6.19,2,"c5_base_low",48000,-5.69744597249509,2026-01-21,"청산지연",2
24,"A354320","알멕",2026-01-21,2026-06-05,61675.54,-1.72,135,"c1_swing_low",37500,-39.197938112905,2026-06-23,"청산선행",-12
24,"A354320","알멕",2026-01-21,2026-06-05,61675.54,-1.72,135,"c2_20d_low",19430,-68.4964250008999,,"이탈없음",
24,"A354320","알멕",2026-01-21,2026-06-05,61675.54,-1.72,135,"c3_ma20",30346,-50.7973501326458,2026-06-26,"청산선행",-15
24,"A354320","알멕",2026-01-21,2026-06-05,61675.54,-1.72,135,"c4_ma60",23658.1666666667,-61.6409249652834,,"이탈없음",
24,"A354320","알멕",2026-01-21,2026-06-05,61675.54,-1.72,135,"c5_base_low",38800,-37.0901333008191,2026-06-23,"청산선행",-12
30,"A044490","태웅",2026-01-23,2026-01-30,35020,-7.2,7,"c1_swing_low",28450,-18.7607081667619,2026-02-06,"청산선행",-5
30,"A044490","태웅",2026-01-23,2026-01-30,35020,-7.2,7,"c2_20d_low",24150,-31.0394060536836,,"이탈없음",
30,"A044490","태웅",2026-01-23,2026-01-30,35020,-7.2,7,"c3_ma20",28240,-19.3603655054255,2026-03-04,"청산선행",-19
30,"A044490","태웅",2026-01-23,2026-01-30,35020,-7.2,7,"c4_ma60",27015.8333333333,-22.8559870550162,,"이탈없음",
30,"A044490","태웅",2026-01-23,2026-01-30,35020,-7.2,7,"c5_base_low",28450,-18.7607081667619,2026-02-06,"청산선행",-5
32,"A474170","루미르",2026-01-27,2026-01-30,14520,-3.31,3,"c1_swing_low",11750,-19.0771349862259,,"이탈없음",
32,"A474170","루미르",2026-01-27,2026-01-30,14520,-3.31,3,"c2_20d_low",8350,-42.4931129476584,,"이탈없음",
32,"A474170","루미르",2026-01-27,2026-01-30,14520,-3.31,3,"c3_ma20",12308.5,-15.2307162534435,,"이탈없음",
32,"A474170","루미르",2026-01-27,2026-01-30,14520,-3.31,3,"c4_ma60",9606.83333333333,-33.8372359963269,,"이탈없음",
32,"A474170","루미르",2026-01-27,2026-01-30,14520,-3.31,3,"c5_base_low",13110,-9.71074380165289,2026-03-04,"청산선행",-19
35,"A388720","유일로보틱스",2026-01-29,2026-02-12,139700,-13.1,14,"c1_swing_low",89700,-35.7909806728704,,"이탈없음",
35,"A388720","유일로보틱스",2026-01-29,2026-02-12,139700,-13.1,14,"c2_20d_low",78600,-43.7365783822477,,"이탈없음",
35,"A388720","유일로보틱스",2026-01-29,2026-02-12,139700,-13.1,14,"c3_ma20",98985,-29.1445955619184,2026-03-04,"청산선행",-10
35,"A388720","유일로보틱스",2026-01-29,2026-02-12,139700,-13.1,14,"c4_ma60",88861.6666666667,-36.3910761154856,,"이탈없음",
35,"A388720","유일로보틱스",2026-01-29,2026-02-12,139700,-13.1,14,"c5_base_low",108300,-22.4767358625626,2026-03-04,"청산선행",-10
38,"A009470","삼화전기",2026-01-29,2026-02-10,50845.05,-0.49,12,"c1_swing_low",38500,-24.2797479794002,2026-03-04,"청산선행",-12
38,"A009470","삼화전기",2026-01-29,2026-02-10,50845.05,-0.49,12,"c2_20d_low",28800,-43.3573179690058,,"이탈없음",
38,"A009470","삼화전기",2026-01-29,2026-02-10,50845.05,-0.49,12,"c3_ma20",34975,-31.2125762488187,2026-03-04,"청산선행",-12
38,"A009470","삼화전기",2026-01-29,2026-02-10,50845.05,-0.49,12,"c4_ma60",32062.5,-36.9407641451823,,"이탈없음",
38,"A009470","삼화전기",2026-01-29,2026-02-10,50845.05,-0.49,12,"c5_base_low",38500,-24.2797479794002,2026-03-04,"청산선행",-12
39,"A058610","에스피지",2026-01-30,2026-02-12,155190.91,-4.95,13,"c1_swing_low",100500,-35.2410524559718,,"이탈없음",
39,"A058610","에스피지",2026-01-30,2026-02-12,155190.91,-4.95,13,"c2_20d_low",73600,-52.5745418981047,,"이탈없음",
39,"A058610","에스피지",2026-01-30,2026-02-12,155190.91,-4.95,13,"c3_ma20",104240,-32.8311174926418,,"이탈없음",
39,"A058610","에스피지",2026-01-30,2026-02-12,155190.91,-4.95,13,"c4_ma60",74276.6666666667,-52.1385197968962,,"이탈없음",
39,"A058610","에스피지",2026-01-30,2026-02-12,155190.91,-4.95,13,"c5_base_low",115100,-25.8332849520632,2026-03-04,"청산선행",-10
40,"A126340","비나텍",2026-01-30,2026-04-13,105098.44,-0.45,73,"c1_swing_low",82600,-21.4070161269758,,"이탈없음",
40,"A126340","비나텍",2026-01-30,2026-04-13,105098.44,-0.45,73,"c2_20d_low",72400,-31.1122029974945,,"이탈없음",
40,"A126340","비나텍",2026-01-30,2026-04-13,105098.44,-0.45,73,"c3_ma20",88610,-15.6885677846408,,"이탈없음",
40,"A126340","비나텍",2026-01-30,2026-04-13,105098.44,-0.45,73,"c4_ma60",71465.630859375,-32.0012448715937,,"이탈없음",
40,"A126340","비나텍",2026-01-30,2026-04-13,105098.44,-0.45,73,"c5_base_low",84300,-19.7894849818894,,"이탈없음",
41,"A389500","에스비비테크",2026-01-30,2026-02-12,78000,-15.45,13,"c1_swing_low",67500,-13.4615384615385,2026-02-05,"청산지연",5
41,"A389500","에스비비테크",2026-01-30,2026-02-12,78000,-15.45,13,"c2_20d_low",34050,-56.3461538461538,,"이탈없음",
41,"A389500","에스비비테크",2026-01-30,2026-02-12,78000,-15.45,13,"c3_ma20",60452.5,-22.4967948717949,2026-02-11,"청산지연",1
41,"A389500","에스비비테크",2026-01-30,2026-02-12,78000,-15.45,13,"c4_ma60",42109.1666666667,-46.0138888888889,,"이탈없음",
41,"A389500","에스비비테크",2026-01-30,2026-02-12,78000,-15.45,13,"c5_base_low",70800,-9.23076923076923,2026-02-02,"청산지연",8
43,"A298040","효성중공업",2026-02-03,2026-02-09,2476000,-5.23,6,"c1_swing_low",2401000,-3.02907915993538,2026-02-03,"청산지연",4
43,"A298040","효성중공업",2026-02-03,2026-02-09,2476000,-5.23,6,"c2_20d_low",1756000,-29.0791599353796,,"이탈없음",
43,"A298040","효성중공업",2026-02-03,2026-02-09,2476000,-5.23,6,"c3_ma20",2253000,-9.0064620355412,2026-02-06,"청산지연",1
43,"A298040","효성중공업",2026-02-03,2026-02-09,2476000,-5.23,6,"c4_ma60",2056016.66666667,-16.9621701669359,,"이탈없음",
43,"A298040","효성중공업",2026-02-03,2026-02-09,2476000,-5.23,6,"c5_base_low",2189000,-11.5912762520194,,"이탈없음",
45,"A001430","세아베스틸지주",2026-02-06,2026-02-10,86900,-9.09,4,"c1_swing_low",69000,-20.5983889528193,2026-02-26,"청산선행",-9
45,"A001430","세아베스틸지주",2026-02-06,2026-02-10,86900,-9.09,4,"c2_20d_low",56300,-35.2128883774453,,"이탈없음",
45,"A001430","세아베스틸지주",2026-02-06,2026-02-10,86900,-9.09,4,"c3_ma20",73410,-15.5235903337169,2026-02-23,"청산선행",-6
45,"A001430","세아베스틸지주",2026-02-06,2026-02-10,86900,-9.09,4,"c4_ma60",49997.5,-42.4654775604143,,"이탈없음",
45,"A001430","세아베스틸지주",2026-02-06,2026-02-10,86900,-9.09,4,"c5_base_low",73300,-15.6501726121979,2026-02-23,"청산선행",-6
48,"A264450","유비쿼스",2026-02-10,2026-02-23,12568.75,-1.18,13,"c1_swing_low",11820,-5.957235206365,2026-03-04,"청산선행",-6
48,"A264450","유비쿼스",2026-02-10,2026-02-23,12568.75,-1.18,13,"c2_20d_low",9050,-27.9960218796619,,"이탈없음",
48,"A264450","유비쿼스",2026-02-10,2026-02-23,12568.75,-1.18,13,"c3_ma20",11484,-8.63053207359523,2026-03-04,"청산선행",-6
48,"A264450","유비쿼스",2026-02-10,2026-02-23,12568.75,-1.18,13,"c4_ma60",10261.8333333333,-18.3543842201227,,"이탈없음",
48,"A264450","유비쿼스",2026-02-10,2026-02-23,12568.75,-1.18,13,"c5_base_low",11820,-5.957235206365,2026-03-04,"청산선행",-6
50,"A474170","루미르",2026-02-11,2026-03-06,20276,-10.67,23,"c1_swing_low",16500,-18.6230025646084,2026-02-27,"청산지연",4
50,"A474170","루미르",2026-02-11,2026-03-06,20276,-10.67,23,"c2_20d_low",11750,-42.0497139475242,,"이탈없음",
50,"A474170","루미르",2026-02-11,2026-03-06,20276,-10.67,23,"c3_ma20",16108.5,-20.5538567764845,2026-02-27,"청산지연",4
50,"A474170","루미르",2026-02-11,2026-03-06,20276,-10.67,23,"c4_ma60",11371.3333333333,-43.9172749391727,,"이탈없음",
50,"A474170","루미르",2026-02-11,2026-03-06,20276,-10.67,23,"c5_base_low",16500,-18.6230025646084,2026-02-27,"청산지연",4
51,"A009470","삼화전기",2026-02-11,2026-03-06,53600,-22.15,23,"c1_swing_low",48300,-9.88805970149254,2026-02-11,"청산지연",13
51,"A009470","삼화전기",2026-02-11,2026-03-06,53600,-22.15,23,"c2_20d_low",28800,-46.2686567164179,,"이탈없음",
51,"A009470","삼화전기",2026-02-11,2026-03-06,53600,-22.15,23,"c3_ma20",44920,-16.1940298507463,2026-02-13,"청산지연",11
51,"A009470","삼화전기",2026-02-11,2026-03-06,53600,-22.15,23,"c4_ma60",34824.1666666667,-35.029539800995,2026-03-04,"청산지연",2
51,"A009470","삼화전기",2026-02-11,2026-03-06,53600,-22.15,23,"c5_base_low",48300,-9.88805970149254,2026-02-11,"청산지연",13
52,"A214430","아이쓰리시스템",2026-02-11,2026-02-12,116100,-1.46,1,"c1_swing_low",98800,-14.900947459087,2026-03-04,"청산선행",-10
52,"A214430","아이쓰리시스템",2026-02-11,2026-02-12,116100,-1.46,1,"c2_20d_low",80100,-31.0077519379845,,"이탈없음",
52,"A214430","아이쓰리시스템",2026-02-11,2026-02-12,116100,-1.46,1,"c3_ma20",107080,-7.76916451335056,2026-02-25,"청산선행",-6
52,"A214430","아이쓰리시스템",2026-02-11,2026-02-12,116100,-1.46,1,"c4_ma60",85741.6666666667,-26.1484352569624,,"이탈없음",
52,"A214430","아이쓰리시스템",2026-02-11,2026-02-12,116100,-1.46,1,"c5_base_low",98800,-14.900947459087,2026-03-04,"청산선행",-10
53,"A001430","세아베스틸지주",2026-02-11,2026-03-06,85300,-31.3,23,"c1_swing_low",71700,-15.9437280187573,2026-02-23,"청산지연",8
53,"A001430","세아베스틸지주",2026-02-11,2026-03-06,85300,-31.3,23,"c2_20d_low",65000,-23.7983587338804,2026-03-04,"청산지연",2
53,"A001430","세아베스틸지주",2026-02-11,2026-03-06,85300,-31.3,23,"c3_ma20",75180,-11.8640093786635,2026-02-12,"청산지연",12
53,"A001430","세아베스틸지주",2026-02-11,2026-03-06,85300,-31.3,23,"c4_ma60",52574.1666666667,-38.3655724892536,,"이탈없음",
53,"A001430","세아베스틸지주",2026-02-11,2026-03-06,85300,-31.3,23,"c5_base_low",71700,-15.9437280187573,2026-02-23,"청산지연",8
54,"A108490","로보티즈",2026-02-12,2026-03-06,288000,-24.65,22,"c1_swing_low",265500,-7.8125,2026-03-03,"청산지연",3
54,"A108490","로보티즈",2026-02-12,2026-03-06,288000,-24.65,22,"c2_20d_low",241000,-16.3194444444444,2026-03-04,"청산지연",2
54,"A108490","로보티즈",2026-02-12,2026-03-06,288000,-24.65,22,"c3_ma20",285475,-0.876736111111109,2026-02-12,"청산지연",12
54,"A108490","로보티즈",2026-02-12,2026-03-06,288000,-24.65,22,"c4_ma60",265180,-7.92361111111111,2026-03-03,"청산지연",3
54,"A108490","로보티즈",2026-02-12,2026-03-06,288000,-24.65,22,"c5_base_low",265500,-7.8125,2026-03-03,"청산지연",3
55,"A232140","와이씨",2026-02-12,2026-03-06,22850,-16.28,22,"c1_swing_low",17560,-23.1509846827134,2026-03-31,"청산선행",-17
55,"A232140","와이씨",2026-02-12,2026-03-06,22850,-16.28,22,"c2_20d_low",13920,-39.0809628008753,,"이탈없음",
55,"A232140","와이씨",2026-02-12,2026-03-06,22850,-16.28,22,"c3_ma20",17969,-21.3610503282276,2026-03-04,"청산지연",2
55,"A232140","와이씨",2026-02-12,2026-03-06,22850,-16.28,22,"c4_ma60",15466.6666666667,-32.3121808898614,,"이탈없음",
55,"A232140","와이씨",2026-02-12,2026-03-06,22850,-16.28,22,"c5_base_low",19780,-13.4354485776805,2026-03-04,"청산지연",2
58,"A081000","일진다이아",2026-02-23,2026-02-25,15507.06,-0.05,2,"c1_swing_low",13000,-16.1672167386984,,"이탈없음",
58,"A081000","일진다이아",2026-02-23,2026-02-25,15507.06,-0.05,2,"c2_20d_low",11520,-25.7112566792158,,"이탈없음",
58,"A081000","일진다이아",2026-02-23,2026-02-25,15507.06,-0.05,2,"c3_ma20",13574,-12.4656769239301,2026-03-04,"청산선행",-4
58,"A081000","일진다이아",2026-02-23,2026-02-25,15507.06,-0.05,2,"c4_ma60",12623,-18.5983674532761,,"이탈없음",
58,"A081000","일진다이아",2026-02-23,2026-02-25,15507.06,-0.05,2,"c5_base_low",13490,-13.0073656773108,2026-03-04,"청산선행",-4
60,"A001720","신영증권",2026-02-25,2026-04-23,224470.59,-10.26,57,"c1_swing_low",225000,0.235848268586092,2026-03-03,"청산지연",37
60,"A001720","신영증권",2026-02-25,2026-04-23,224470.59,-10.26,57,"c2_20d_low",152800,-31.9287217091557,,"이탈없음",
60,"A001720","신영증권",2026-02-25,2026-04-23,224470.59,-10.26,57,"c3_ma20",198010,-11.7879985970545,2026-03-04,"청산지연",36
60,"A001720","신영증권",2026-02-25,2026-04-23,224470.59,-10.26,57,"c4_ma60",160650,-28.4316043362295,,"이탈없음",
60,"A001720","신영증권",2026-02-25,2026-04-23,224470.59,-10.26,57,"c5_base_low",222500,-0.877883378842637,2026-03-03,"청산지연",37
61,"A034830","한국토지신탁",2026-02-27,2026-03-04,1732,-5.6,5,"c1_swing_low",1212,-30.0230946882217,,"이탈없음",
61,"A034830","한국토지신탁",2026-02-27,2026-03-04,1732,-5.6,5,"c2_20d_low",1188,-31.4087759815243,,"이탈없음",
61,"A034830","한국토지신탁",2026-02-27,2026-03-04,1732,-5.6,5,"c3_ma20",1369.65,-20.9209006928406,,"이탈없음",
61,"A034830","한국토지신탁",2026-02-27,2026-03-04,1732,-5.6,5,"c4_ma60",1300.51666666667,-24.9124326404927,,"이탈없음",
61,"A034830","한국토지신탁",2026-02-27,2026-03-04,1732,-5.6,5,"c5_base_low",1468,-15.2424942263279,2026-03-04,"청산지연",0
62,"A123890","한국자산신탁",2026-02-27,2026-03-06,3020,-8.11,7,"c1_swing_low",2900,-3.97350993377483,2026-03-03,"청산지연",3
62,"A123890","한국자산신탁",2026-02-27,2026-03-06,3020,-8.11,7,"c2_20d_low",2445,-19.0397350993378,,"이탈없음",
62,"A123890","한국자산신탁",2026-02-27,2026-03-06,3020,-8.11,7,"c3_ma20",2766.5,-8.39403973509933,2026-03-04,"청산지연",2
62,"A123890","한국자산신탁",2026-02-27,2026-03-06,3020,-8.11,7,"c4_ma60",2574.41666666667,-14.7544150110375,2026-03-31,"청산선행",-17
62,"A123890","한국자산신탁",2026-02-27,2026-03-06,3020,-8.11,7,"c5_base_low",2900,-3.97350993377483,2026-03-03,"청산지연",3
63,"A053610","프로텍",2026-02-27,2026-03-06,60000,-18.08,7,"c1_swing_low",55100,-8.16666666666667,2026-03-03,"청산지연",3
63,"A053610","프로텍",2026-02-27,2026-03-06,60000,-18.08,7,"c2_20d_low",37750,-37.0833333333333,,"이탈없음",
63,"A053610","프로텍",2026-02-27,2026-03-06,60000,-18.08,7,"c3_ma20",53707.5,-10.4875,2026-03-03,"청산지연",3
63,"A053610","프로텍",2026-02-27,2026-03-06,60000,-18.08,7,"c4_ma60",41258.3333333333,-31.2361111111111,,"이탈없음",
63,"A053610","프로텍",2026-02-27,2026-03-06,60000,-18.08,7,"c5_base_low",55100,-8.16666666666667,2026-03-03,"청산지연",3
66,"A449450","PLUS K방산",2026-03-05,2026-03-24,73300,-1.65,19,"c1_swing_low",68925,-5.96862210095498,2026-03-23,"청산지연",1
66,"A449450","PLUS K방산",2026-03-05,2026-03-24,73300,-1.65,19,"c2_20d_low",60200,-17.8717598908595,,"이탈없음",
66,"A449450","PLUS K방산",2026-03-05,2026-03-24,73300,-1.65,19,"c3_ma20",68493.25,-6.55763983628922,2026-03-23,"청산지연",1
66,"A449450","PLUS K방산",2026-03-05,2026-03-24,73300,-1.65,19,"c4_ma60",61658.75,-15.8816507503411,,"이탈없음",
66,"A449450","PLUS K방산",2026-03-05,2026-03-24,73300,-1.65,19,"c5_base_low",65855,-10.1568894952251,2026-03-31,"청산선행",-5
67,"A396500","TIGER 반도체TOP10",2026-03-09,2026-03-25,33810,-2.73,16,"c1_swing_low",29075,-14.0047323277137,2026-03-31,"청산선행",-4
67,"A396500","TIGER 반도체TOP10",2026-03-09,2026-03-25,33810,-2.73,16,"c2_20d_low",26385,-21.960958296362,,"이탈없음",
67,"A396500","TIGER 반도체TOP10",2026-03-09,2026-03-25,33810,-2.73,16,"c3_ma20",30913.5,-8.56699201419698,2026-03-30,"청산선행",-3
67,"A396500","TIGER 반도체TOP10",2026-03-09,2026-03-25,33810,-2.73,16,"c4_ma60",25101.0833333333,-25.7584048111998,,"이탈없음",
67,"A396500","TIGER 반도체TOP10",2026-03-09,2026-03-25,33810,-2.73,16,"c5_base_low",29075,-14.0047323277137,2026-03-31,"청산선행",-4
69,"A079550","LIG디펜스앤에어로스페이스",2026-03-10,2026-03-24,839000,-18.36,14,"c1_swing_low",592000,-29.4398092967819,,"이탈없음",
69,"A079550","LIG디펜스앤에어로스페이스",2026-03-10,2026-03-24,839000,-18.36,14,"c2_20d_low",399500,-52.3837902264601,,"이탈없음",
69,"A079550","LIG디펜스앤에어로스페이스",2026-03-10,2026-03-24,839000,-18.36,14,"c3_ma20",552825,-34.1090584028605,,"이탈없음",
69,"A079550","LIG디펜스앤에어로스페이스",2026-03-10,2026-03-24,839000,-18.36,14,"c4_ma60",497075,-40.753873659118,,"이탈없음",
69,"A079550","LIG디펜스앤에어로스페이스",2026-03-10,2026-03-24,839000,-18.36,14,"c5_base_low",620000,-26.1025029797378,2026-03-31,"청산선행",-5
70,"A232080","TIGER 코스닥150",2026-03-10,2026-03-25,20691.67,-2.35,15,"c1_swing_low",17420,-15.8115318869864,,"이탈없음",
70,"A232080","TIGER 코스닥150",2026-03-10,2026-03-25,20691.67,-2.35,15,"c2_20d_low",17420,-15.8115318869864,,"이탈없음",
70,"A232080","TIGER 코스닥150",2026-03-10,2026-03-25,20691.67,-2.35,15,"c3_ma20",20087.75,-2.91866243758961,2026-03-16,"청산지연",7
70,"A232080","TIGER 코스닥150",2026-03-10,2026-03-25,20691.67,-2.35,15,"c4_ma60",17961.9166666667,-13.1925230459085,,"이탈없음",
70,"A232080","TIGER 코스닥150",2026-03-10,2026-03-25,20691.67,-2.35,15,"c5_base_low",18900,-8.65889510126538,2026-03-31,"청산선행",-4
75,"A097230","HJ중공업",2026-03-30,2026-04-06,26850,-12.38,7,"c1_swing_low",26400,-1.67597765363129,2026-03-30,"청산지연",5
75,"A097230","HJ중공업",2026-03-30,2026-04-06,26850,-12.38,7,"c2_20d_low",18800,-29.9813780260708,,"이탈없음",
75,"A097230","HJ중공업",2026-03-30,2026-04-06,26850,-12.38,7,"c3_ma20",25077,-6.60335195530726,2026-03-30,"청산지연",5
75,"A097230","HJ중공업",2026-03-30,2026-04-06,26850,-12.38,7,"c4_ma60",24783.1666666667,-7.69770328988205,2026-03-30,"청산지연",5
75,"A097230","HJ중공업",2026-03-30,2026-04-06,26850,-12.38,7,"c5_base_low",24000,-10.6145251396648,2026-03-30,"청산지연",5
78,"A006800","미래에셋증권",2026-03-30,2026-04-08,68400,-8.19,9,"c1_swing_low",59600,-12.8654970760234,,"이탈없음",
78,"A006800","미래에셋증권",2026-03-30,2026-04-08,68400,-8.19,9,"c2_20d_low",55593.02734375,-18.7236442342836,,"이탈없음",
78,"A006800","미래에셋증권",2026-03-30,2026-04-08,68400,-8.19,9,"c3_ma20",66203.61328125,-3.21109169407895,2026-03-30,"청산지연",7
78,"A006800","미래에셋증권",2026-03-30,2026-04-08,68400,-8.19,9,"c4_ma60",50302.0134440104,-26.4590446724994,,"이탈없음",
78,"A006800","미래에셋증권",2026-03-30,2026-04-08,68400,-8.19,9,"c5_base_low",62400,-8.77192982456141,2026-03-31,"청산지연",6
79,"A347700","스피어",2026-03-30,2026-05-11,47509.38,-11.09,42,"c1_swing_low",40550,-14.6484336356315,2026-04-07,"청산지연",22
79,"A347700","스피어",2026-03-30,2026-05-11,47509.38,-11.09,42,"c2_20d_low",34750,-26.8565491698692,2026-06-01,"청산선행",-14
79,"A347700","스피어",2026-03-30,2026-05-11,47509.38,-11.09,42,"c3_ma20",47605,0.201265518514449,2026-03-31,"청산지연",27
79,"A347700","스피어",2026-03-30,2026-05-11,47509.38,-11.09,42,"c4_ma60",34214,-27.9847474330332,2026-06-01,"청산선행",-14
79,"A347700","스피어",2026-03-30,2026-05-11,47509.38,-11.09,42,"c5_base_low",41900,-11.8068895026624,2026-04-07,"청산지연",22
80,"A001120","LX인터내셔널",2026-03-31,2026-04-10,49916.67,-7.25,10,"c1_swing_low",44550,-10.7512580466606,,"이탈없음",
80,"A001120","LX인터내셔널",2026-03-31,2026-04-10,49916.67,-7.25,10,"c2_20d_low",37600,-24.6744624591344,,"이탈없음",
80,"A001120","LX인터내셔널",2026-03-31,2026-04-10,49916.67,-7.25,10,"c3_ma20",43952.5,-11.9482529583804,,"이탈없음",
80,"A001120","LX인터내셔널",2026-03-31,2026-04-10,49916.67,-7.25,10,"c4_ma60",40585.8333333333,-18.6928267984757,,"이탈없음",
80,"A001120","LX인터내셔널",2026-03-31,2026-04-10,49916.67,-7.25,10,"c5_base_low",44400,-11.0517588613183,,"이탈없음",
81,"A100840","SNT에너지",2026-03-31,2026-05-18,53200,-5.08,48,"c1_swing_low",46250,-13.0639097744361,2026-05-15,"청산지연",1
81,"A100840","SNT에너지",2026-03-31,2026-05-18,53200,-5.08,48,"c2_20d_low",35500,-33.2706766917293,2026-06-02,"청산선행",-10
81,"A100840","SNT에너지",2026-03-31,2026-05-18,53200,-5.08,48,"c3_ma20",45287.5,-14.8731203007519,2026-05-18,"청산지연",0
81,"A100840","SNT에너지",2026-03-31,2026-05-18,53200,-5.08,48,"c4_ma60",43152.5,-18.8862781954887,2026-05-20,"청산선행",-2
81,"A100840","SNT에너지",2026-03-31,2026-05-18,53200,-5.08,48,"c5_base_low",46250,-13.0639097744361,2026-05-15,"청산지연",1
82,"A402340","SK스퀘어",2026-04-03,2026-04-06,491500,-5.8,3,"c1_swing_low",462500,-5.9003051881994,,"이탈없음",
82,"A402340","SK스퀘어",2026-04-03,2026-04-06,491500,-5.8,3,"c2_20d_low",460000,-6.40895218718209,,"이탈없음",
82,"A402340","SK스퀘어",2026-04-03,2026-04-06,491500,-5.8,3,"c3_ma20",551100,12.1261444557477,2026-04-03,"청산지연",1
82,"A402340","SK스퀘어",2026-04-03,2026-04-06,491500,-5.8,3,"c4_ma60",526141.666666667,7.04815191590369,2026-04-03,"청산지연",1
82,"A402340","SK스퀘어",2026-04-03,2026-04-06,491500,-5.8,3,"c5_base_low",460000,-6.40895218718209,,"이탈없음",
83,"A042700","한미반도체",2026-04-03,2026-04-06,264500,-3.97,3,"c1_swing_low",242500,-8.31758034026465,,"이탈없음",
83,"A042700","한미반도체",2026-04-03,2026-04-06,264500,-3.97,3,"c2_20d_low",242500,-8.31758034026465,,"이탈없음",
83,"A042700","한미반도체",2026-04-03,2026-04-06,264500,-3.97,3,"c3_ma20",292225,10.4820415879017,2026-04-03,"청산지연",1
83,"A042700","한미반도체",2026-04-03,2026-04-06,264500,-3.97,3,"c4_ma60",234175,-11.4650283553875,,"이탈없음",
83,"A042700","한미반도체",2026-04-03,2026-04-06,264500,-3.97,3,"c5_base_low",242500,-8.31758034026465,,"이탈없음",
84,"A402340","SK스퀘어",2026-04-06,2026-04-07,510000,-5.98,1,"c1_swing_low",460000,-9.80392156862745,,"이탈없음",
84,"A402340","SK스퀘어",2026-04-06,2026-04-07,510000,-5.98,1,"c2_20d_low",460000,-9.80392156862745,,"이탈없음",
84,"A402340","SK스퀘어",2026-04-06,2026-04-07,510000,-5.98,1,"c3_ma20",550000,7.84313725490196,2026-04-06,"청산지연",1
84,"A402340","SK스퀘어",2026-04-06,2026-04-07,510000,-5.98,1,"c4_ma60",527058.333333333,3.34477124183008,2026-04-06,"청산지연",1
84,"A402340","SK스퀘어",2026-04-06,2026-04-07,510000,-5.98,1,"c5_base_low",460000,-9.80392156862745,,"이탈없음",
85,"A449450","PLUS K방산",2026-04-06,2026-04-08,75805,-0.09,2,"c1_swing_low",64845,-14.4581491986017,,"이탈없음",
85,"A449450","PLUS K방산",2026-04-06,2026-04-08,75805,-0.09,2,"c2_20d_low",64845,-14.4581491986017,,"이탈없음",
85,"A449450","PLUS K방산",2026-04-06,2026-04-08,75805,-0.09,2,"c3_ma20",73103.75,-3.5634192995185,,"이탈없음",
85,"A449450","PLUS K방산",2026-04-06,2026-04-08,75805,-0.09,2,"c4_ma60",69966.5833333333,-7.70188861772531,,"이탈없음",
85,"A449450","PLUS K방산",2026-04-06,2026-04-08,75805,-0.09,2,"c5_base_low",67900,-10.4280720269112,,"이탈없음",
86,"A010820","퍼스텍",2026-04-15,2026-07-22,11610,-52.28,98,"c1_swing_low",7220,-37.8122308354867,2026-06-19,"청산지연",22
86,"A010820","퍼스텍",2026-04-15,2026-07-22,11610,-52.28,98,"c2_20d_low",6570,-43.4108527131783,2026-06-23,"청산지연",20
86,"A010820","퍼스텍",2026-04-15,2026-07-22,11610,-52.28,98,"c3_ma20",8398,-27.6658053402239,2026-06-02,"청산지연",34
86,"A010820","퍼스텍",2026-04-15,2026-07-22,11610,-52.28,98,"c4_ma60",6756.08333333333,-41.8080677576802,2026-06-23,"청산지연",20
86,"A010820","퍼스텍",2026-04-15,2026-07-22,11610,-52.28,98,"c5_base_low",10370,-10.6804478897502,2026-05-27,"청산지연",38
87,"A0091P0","TIGER 코리아원자력",2026-04-20,2026-05-19,25200,-6.22,29,"c1_swing_low",22690,-9.96031746031746,2026-05-18,"청산지연",1
87,"A0091P0","TIGER 코리아원자력",2026-04-20,2026-05-19,25200,-6.22,29,"c2_20d_low",19670,-21.9444444444444,2026-06-02,"청산선행",-9
87,"A0091P0","TIGER 코리아원자력",2026-04-20,2026-05-19,25200,-6.22,29,"c3_ma20",22555.25,-10.4950396825397,2026-05-19,"청산지연",0
87,"A0091P0","TIGER 코리아원자력",2026-04-20,2026-05-19,25200,-6.22,29,"c4_ma60",19215.25,-23.7490079365079,2026-06-05,"청산선행",-11
87,"A0091P0","TIGER 코리아원자력",2026-04-20,2026-05-19,25200,-6.22,29,"c5_base_low",22690,-9.96031746031746,2026-05-18,"청산지연",1
89,"A200710","에이디테크놀로지",2026-05-08,2026-05-11,55000,-2.73,3,"c1_swing_low",51700,-6.00000000000001,2026-05-08,"청산지연",1
89,"A200710","에이디테크놀로지",2026-05-08,2026-05-11,55000,-2.73,3,"c2_20d_low",48100,-12.5454545454545,2026-05-15,"청산선행",-4
89,"A200710","에이디테크놀로지",2026-05-08,2026-05-11,55000,-2.73,3,"c3_ma20",54250,-1.36363636363637,2026-05-08,"청산지연",1
89,"A200710","에이디테크놀로지",2026-05-08,2026-05-11,55000,-2.73,3,"c4_ma60",49205.8333333333,-10.5348484848485,2026-05-12,"청산선행",-1
89,"A200710","에이디테크놀로지",2026-05-08,2026-05-11,55000,-2.73,3,"c5_base_low",51700,-6.00000000000001,2026-05-08,"청산지연",1
90,"A028260","삼성물산",2026-05-11,2026-05-11,385500,-2.59,0,"c1_swing_low",296000,-23.2166018158236,,"이탈없음",
90,"A028260","삼성물산",2026-05-11,2026-05-11,385500,-2.59,0,"c2_20d_low",286000,-25.810635538262,,"이탈없음",
90,"A028260","삼성물산",2026-05-11,2026-05-11,385500,-2.59,0,"c3_ma20",327150,-15.136186770428,,"이탈없음",
90,"A028260","삼성물산",2026-05-11,2026-05-11,385500,-2.59,0,"c4_ma60",306391.666666667,-20.5209684392564,,"이탈없음",
90,"A028260","삼성물산",2026-05-11,2026-05-11,385500,-2.59,0,"c5_base_low",340000,-11.8028534370947,,"이탈없음",
93,"A005935","삼성전자우",2026-05-13,2026-05-15,194033.33,-7.1,2,"c1_swing_low",170700,-12.0254236733452,,"이탈없음",
93,"A005935","삼성전자우",2026-05-13,2026-05-15,194033.33,-7.1,2,"c2_20d_low",135500,-30.1666368350221,,"이탈없음",
93,"A005935","삼성전자우",2026-05-13,2026-05-15,194033.33,-7.1,2,"c3_ma20",163975,-15.4913230628985,,"이탈없음",
93,"A005935","삼성전자우",2026-05-13,2026-05-15,194033.33,-7.1,2,"c4_ma60",142978.333333333,-26.3124879971223,,"이탈없음",
93,"A005935","삼성전자우",2026-05-13,2026-05-15,194033.33,-7.1,2,"c5_base_low",176000,-9.29393419161543,,"이탈없음",
97,"A425040","티이엠씨",2026-05-15,2026-06-04,23500,-23.32,20,"c1_swing_low",20450,-12.9787234042553,2026-05-28,"청산지연",4
97,"A425040","티이엠씨",2026-05-15,2026-06-04,23500,-23.32,20,"c2_20d_low",12060,-48.6808510638298,2026-06-26,"청산선행",-16
97,"A425040","티이엠씨",2026-05-15,2026-06-04,23500,-23.32,20,"c3_ma20",17867,-23.9702127659574,2026-06-08,"청산선행",-2
97,"A425040","티이엠씨",2026-05-15,2026-06-04,23500,-23.32,20,"c4_ma60",13239.1666666667,-43.6631205673759,2026-06-23,"청산선행",-13
97,"A425040","티이엠씨",2026-05-15,2026-06-04,23500,-23.32,20,"c5_base_low",20450,-12.9787234042553,2026-05-28,"청산지연",4
98,"A005935","삼성전자우",2026-05-18,2026-05-19,196733.33,-7.29,1,"c1_swing_low",174100,-11.5045732210195,,"이탈없음",
98,"A005935","삼성전자우",2026-05-18,2026-05-19,196733.33,-7.29,1,"c2_20d_low",143600,-27.0077927314096,,"이탈없음",
98,"A005935","삼성전자우",2026-05-18,2026-05-19,196733.33,-7.29,1,"c3_ma20",170135,-13.5199917573702,,"이탈없음",
98,"A005935","삼성전자우",2026-05-18,2026-05-19,196733.33,-7.29,1,"c4_ma60",146185,-25.6938313401191,,"이탈없음",
98,"A005935","삼성전자우",2026-05-18,2026-05-19,196733.33,-7.29,1,"c5_base_low",174100,-11.5045732210195,,"이탈없음",
99,"A080220","제주반도체",2026-05-22,2026-07-07,103953.97,-7.14,46,"c1_swing_low",53000,-49.0158961701992,2026-07-30,"청산선행",-16
99,"A080220","제주반도체",2026-05-22,2026-07-07,103953.97,-7.14,46,"c2_20d_low",44200,-57.4811813343925,,"이탈없음",
99,"A080220","제주반도체",2026-05-22,2026-07-07,103953.97,-7.14,46,"c3_ma20",69595,-33.0520998861323,2026-07-28,"청산선행",-14
99,"A080220","제주반도체",2026-05-22,2026-07-07,103953.97,-7.14,46,"c4_ma60",51500.8333333333,-50.4580408681522,2026-07-30,"청산선행",-16
99,"A080220","제주반도체",2026-05-22,2026-07-07,103953.97,-7.14,46,"c5_base_low",87800,-15.5395412027073,2026-07-07,"청산지연",0
101,"A033160","엔케이전자",2026-05-28,2026-06-01,33800,-16.27,4,"c1_swing_low",24800,-26.6272189349112,2026-05-29,"청산지연",1
101,"A033160","엔케이전자",2026-05-28,2026-06-01,33800,-16.27,4,"c2_20d_low",24050,-28.8461538461538,2026-05-29,"청산지연",1
101,"A033160","엔케이전자",2026-05-28,2026-06-01,33800,-16.27,4,"c3_ma20",29262.5,-13.4245562130177,2026-05-29,"청산지연",1
101,"A033160","엔케이전자",2026-05-28,2026-06-01,33800,-16.27,4,"c4_ma60",21686.6666666667,-35.8382642998028,2026-05-29,"청산지연",1
101,"A033160","엔케이전자",2026-05-28,2026-06-01,33800,-16.27,4,"c5_base_low",29400,-13.0177514792899,2026-05-29,"청산지연",1
102,"A035420","NAVER",2026-06-02,2026-06-09,261705.88,-1.7,7,"c1_swing_low",195800,-25.1831865604242,,"이탈없음",
102,"A035420","NAVER",2026-06-02,2026-06-09,261705.88,-1.7,7,"c2_20d_low",190800,-27.0937282723644,,"이탈없음",
102,"A035420","NAVER",2026-06-02,2026-06-09,261705.88,-1.7,7,"c3_ma20",212745,-18.7083606986591,2026-06-23,"청산선행",-10
102,"A035420","NAVER",2026-06-02,2026-06-09,261705.88,-1.7,7,"c4_ma60",212606.666666667,-18.7612190193561,2026-06-23,"청산선행",-10
102,"A035420","NAVER",2026-06-02,2026-06-09,261705.88,-1.7,7,"c5_base_low",195800,-25.1831865604242,,"이탈없음",
103,"A018260","삼성에스디에스",2026-06-04,2026-06-05,315000,-4.6,1,"c1_swing_low",161600,-48.6984126984127,,"이탈없음",
103,"A018260","삼성에스디에스",2026-06-04,2026-06-05,315000,-4.6,1,"c2_20d_low",161600,-48.6984126984127,,"이탈없음",
103,"A018260","삼성에스디에스",2026-06-04,2026-06-05,315000,-4.6,1,"c3_ma20",213180,-32.3238095238095,2026-06-19,"청산선행",-10
103,"A018260","삼성에스디에스",2026-06-04,2026-06-05,315000,-4.6,1,"c4_ma60",179570,-42.9936507936508,,"이탈없음",
103,"A018260","삼성에스디에스",2026-06-04,2026-06-05,315000,-4.6,1,"c5_base_low",258000,-18.0952380952381,2026-06-05,"청산지연",0
105,"A052710","아모텍",2026-06-17,2026-06-30,31396.43,-30.79,13,"c1_swing_low",22650,-27.8580399109071,2026-06-25,"청산지연",3
105,"A052710","아모텍",2026-06-17,2026-06-30,31396.43,-30.79,13,"c2_20d_low",15590,-50.3446729452998,2026-07-24,"청산선행",-17
105,"A052710","아모텍",2026-06-17,2026-06-30,31396.43,-30.79,13,"c3_ma20",25464.5,-18.8936449144059,2026-06-23,"청산지연",5
105,"A052710","아모텍",2026-06-17,2026-06-30,31396.43,-30.79,13,"c4_ma60",21495.5,-31.5352095763754,2026-06-26,"청산지연",2
105,"A052710","아모텍",2026-06-17,2026-06-30,31396.43,-30.79,13,"c5_base_low",26900,-14.3214690332627,2026-06-23,"청산지연",5
107,"A077970","STX엔진",2026-06-19,2026-07-09,37925,-22.45,20,"c1_swing_low",29850,-21.2920237310481,2026-06-23,"청산지연",12
107,"A077970","STX엔진",2026-06-19,2026-07-09,37925,-22.45,20,"c2_20d_low",29850,-21.2920237310481,2026-06-23,"청산지연",12
107,"A077970","STX엔진",2026-06-19,2026-07-09,37925,-22.45,20,"c3_ma20",37490,-1.14700065919578,2026-06-19,"청산지연",14
107,"A077970","STX엔진",2026-06-19,2026-07-09,37925,-22.45,20,"c4_ma60",41902.5,10.4878048780488,2026-06-19,"청산지연",14
107,"A077970","STX엔진",2026-06-19,2026-07-09,37925,-22.45,20,"c5_base_low",34200,-9.82201713909031,2026-06-19,"청산지연",14
108,"A402340","SK스퀘어",2026-06-26,2026-06-30,1917333.33,-6.66,4,"c1_swing_low",1611000,-15.9770513142856,2026-07-02,"청산선행",-2
108,"A402340","SK스퀘어",2026-06-26,2026-06-30,1917333.33,-6.66,4,"c2_20d_low",1075000,-43.9325451041943,2026-07-28,"청산선행",-19
108,"A402340","SK스퀘어",2026-06-26,2026-06-30,1917333.33,-6.66,4,"c3_ma20",1491000,-22.2357439538174,2026-07-07,"청산선행",-5
108,"A402340","SK스퀘어",2026-06-26,2026-06-30,1917333.33,-6.66,4,"c4_ma60",1063350,-44.5401598479488,2026-07-28,"청산선행",-19
108,"A402340","SK스퀘어",2026-06-26,2026-06-30,1917333.33,-6.66,4,"c5_base_low",1611000,-15.9770513142856,2026-07-02,"청산선행",-2
109,"A128940","한미약품",2026-07-01,2026-07-02,413000,-3.27,1,"c1_swing_low",358500,-13.1961259079903,2026-07-14,"청산선행",-8
109,"A128940","한미약품",2026-07-01,2026-07-02,413000,-3.27,1,"c2_20d_low",358500,-13.1961259079903,2026-07-14,"청산선행",-8
109,"A128940","한미약품",2026-07-01,2026-07-02,413000,-3.27,1,"c3_ma20",419025,1.4588377723971,2026-07-08,"청산선행",-4
109,"A128940","한미약품",2026-07-01,2026-07-02,413000,-3.27,1,"c4_ma60",459191.666666667,11.1844229217111,2026-07-01,"청산지연",1
109,"A128940","한미약품",2026-07-01,2026-07-02,413000,-3.27,1,"c5_base_low",358500,-13.1961259079903,2026-07-14,"청산선행",-8
111,"A278470","에이피알",2026-07-03,2026-08-19,419714.29,-10.02,47,"c1_swing_low",351500,-16.252553612125,2026-07-28,"청산지연",15
111,"A278470","에이피알",2026-07-03,2026-08-19,419714.29,-10.02,47,"c2_20d_low",342500,-18.3968694513594,2026-07-28,"청산지연",15
111,"A278470","에이피알",2026-07-03,2026-08-19,419714.29,-10.02,47,"c3_ma20",389050,-7.30599141620839,2026-07-03,"청산지연",31
111,"A278470","에이피알",2026-07-03,2026-08-19,419714.29,-10.02,47,"c4_ma60",401600,-4.31586210705382,2026-07-03,"청산지연",31
111,"A278470","에이피알",2026-07-03,2026-08-19,419714.29,-10.02,47,"c5_base_low",385000,-8.27093354386385,2026-07-03,"청산지연",31
112,"A052710","아모텍",2026-07-03,2026-08-10,24216.67,-20.78,38,"c1_swing_low",18470,-23.7302238499348,2026-07-07,"청산지연",23
112,"A052710","아모텍",2026-07-03,2026-08-10,24216.67,-20.78,38,"c2_20d_low",18470,-23.7302238499348,2026-07-07,"청산지연",23
112,"A052710","아모텍",2026-07-03,2026-08-10,24216.67,-20.78,38,"c3_ma20",25732.9,6.26110030817615,2026-07-03,"청산지연",25
112,"A052710","아모텍",2026-07-03,2026-08-10,24216.67,-20.78,38,"c4_ma60",23598.1333333333,-2.55417721208846,2026-07-03,"청산지연",25
112,"A052710","아모텍",2026-07-03,2026-08-10,24216.67,-20.78,38,"c5_base_low",18470,-23.7302238499348,2026-07-07,"청산지연",23
113,"A010060","OCI홀딩스",2026-07-03,2026-07-27,238700,-9.11,24,"c1_swing_low",185800,-22.1617092584835,2026-07-08,"청산지연",12
113,"A010060","OCI홀딩스",2026-07-03,2026-07-27,238700,-9.11,24,"c2_20d_low",185800,-22.1617092584835,2026-07-08,"청산지연",12
113,"A010060","OCI홀딩스",2026-07-03,2026-07-27,238700,-9.11,24,"c3_ma20",248825,4.24172601591957,2026-07-03,"청산지연",15
113,"A010060","OCI홀딩스",2026-07-03,2026-07-27,238700,-9.11,24,"c4_ma60",287233.333333333,20.3323558162268,2026-07-03,"청산지연",15
113,"A010060","OCI홀딩스",2026-07-03,2026-07-27,238700,-9.11,24,"c5_base_low",204000,-14.5370758273984,2026-07-06,"청산지연",14
114,"A062040","산일전기",2026-07-03,2026-07-07,259480.77,-17.14,4,"c1_swing_low",203000,-21.7668422981788,2026-07-07,"청산지연",0
114,"A062040","산일전기",2026-07-03,2026-07-07,259480.77,-17.14,4,"c2_20d_low",198000,-23.6937673647261,2026-07-07,"청산지연",0
114,"A062040","산일전기",2026-07-03,2026-07-07,259480.77,-17.14,4,"c3_ma20",231650,-10.7255616668626,2026-07-03,"청산지연",2
114,"A062040","산일전기",2026-07-03,2026-07-07,259480.77,-17.14,4,"c4_ma60",236931.666666667,-8.69008648823315,2026-07-03,"청산지연",2
114,"A062040","산일전기",2026-07-03,2026-07-07,259480.77,-17.14,4,"c5_base_low",223000,-14.0591420319895,2026-07-03,"청산지연",2
115,"A006340","대원전선",2026-07-03,2026-07-09,12944.75,-14.56,6,"c1_swing_low",8540,-34.0273083682574,,"이탈없음",
115,"A006340","대원전선",2026-07-03,2026-07-09,12944.75,-14.56,6,"c2_20d_low",8540,-34.0273083682574,,"이탈없음",
115,"A006340","대원전선",2026-07-03,2026-07-09,12944.75,-14.56,6,"c3_ma20",10852,-16.1667857625678,2026-07-08,"청산지연",1
115,"A006340","대원전선",2026-07-03,2026-07-09,12944.75,-14.56,6,"c4_ma60",11175,-13.6715656926553,2026-07-08,"청산지연",1
115,"A006340","대원전선",2026-07-03,2026-07-09,12944.75,-14.56,6,"c5_base_low",9860,-23.830124181618,2026-07-09,"청산지연",0
116,"A095610","테스",2026-07-03,2026-07-21,214928.57,-7.11,18,"c1_swing_low",152700,-28.9531401060362,2026-07-07,"청산지연",9
116,"A095610","테스",2026-07-03,2026-07-21,214928.57,-7.11,18,"c2_20d_low",125000,-41.8411428503898,2026-07-28,"청산선행",-5
116,"A095610","테스",2026-07-03,2026-07-21,214928.57,-7.11,18,"c3_ma20",174290,-18.9079422991555,2026-07-06,"청산지연",10
116,"A095610","테스",2026-07-03,2026-07-21,214928.57,-7.11,18,"c4_ma60",125251.666666667,-41.7240496846619,2026-07-28,"청산선행",-5
116,"A095610","테스",2026-07-03,2026-07-21,214928.57,-7.11,18,"c5_base_low",174600,-18.7637083334245,2026-07-06,"청산지연",10
117,"A298040","효성중공업",2026-07-06,2026-07-09,3593000,-16.79,3,"c1_swing_low",2985000,-16.9217923740607,2026-07-07,"청산지연",2
117,"A298040","효성중공업",2026-07-06,2026-07-09,3593000,-16.79,3,"c2_20d_low",2985000,-16.9217923740607,2026-07-07,"청산지연",2
117,"A298040","효성중공업",2026-07-06,2026-07-09,3593000,-16.79,3,"c3_ma20",3503050,-2.50347898691901,2026-07-06,"청산지연",3
117,"A298040","효성중공업",2026-07-06,2026-07-09,3593000,-16.79,3,"c4_ma60",3583050,-0.276927358753132,2026-07-06,"청산지연",3
117,"A298040","효성중공업",2026-07-06,2026-07-09,3593000,-16.79,3,"c5_base_low",3090000,-13.999443362093,2026-07-07,"청산지연",2
118,"A080220","제주반도체",2026-07-14,2026-07-28,85916.35,-14.62,14,"c1_swing_low",73100,-14.9172421780022,2026-07-24,"청산지연",2
118,"A080220","제주반도체",2026-07-14,2026-07-28,85916.35,-14.62,14,"c2_20d_low",73100,-14.9172421780022,2026-07-24,"청산지연",2
118,"A080220","제주반도체",2026-07-14,2026-07-28,85916.35,-14.62,14,"c3_ma20",97930,13.9829613339021,2026-07-14,"청산지연",9
118,"A080220","제주반도체",2026-07-14,2026-07-28,85916.35,-14.62,14,"c4_ma60",85012.5,-1.05201163690032,2026-07-14,"청산지연",9
118,"A080220","제주반도체",2026-07-14,2026-07-28,85916.35,-14.62,14,"c5_base_low",75600,-12.0074351389462,2026-07-14,"청산지연",9
119,"A058470","리노공업",2026-07-14,2026-08-19,74640,-6.04,36,"c1_swing_low",68200,-8.62808145766345,2026-07-28,"청산지연",15
119,"A058470","리노공업",2026-07-14,2026-08-19,74640,-6.04,36,"c2_20d_low",68200,-8.62808145766345,2026-07-28,"청산지연",15
119,"A058470","리노공업",2026-07-14,2026-08-19,74640,-6.04,36,"c3_ma20",81250,8.85584137191855,2026-07-14,"청산지연",24
119,"A058470","리노공업",2026-07-14,2026-08-19,74640,-6.04,36,"c4_ma60",98283.3333333333,31.6764916041443,2026-07-14,"청산지연",24
119,"A058470","리노공업",2026-07-14,2026-08-19,74640,-6.04,36,"c5_base_low",68200,-8.62808145766345,2026-07-28,"청산지연",15
121,"A031980","피에스케이홀딩스",2026-07-20,2026-07-27,156400,-21.77,7,"c1_swing_low",125700,-19.6291560102302,2026-07-23,"청산지연",2
121,"A031980","피에스케이홀딩스",2026-07-20,2026-07-27,156400,-21.77,7,"c2_20d_low",109900,-29.7314578005115,2026-07-24,"청산지연",1
121,"A031980","피에스케이홀딩스",2026-07-20,2026-07-27,156400,-21.77,7,"c3_ma20",135405,-13.4239130434783,2026-07-20,"청산지연",5
121,"A031980","피에스케이홀딩스",2026-07-20,2026-07-27,156400,-21.77,7,"c4_ma60",127191.666666667,-18.6754049445865,2026-07-23,"청산지연",2
121,"A031980","피에스케이홀딩스",2026-07-20,2026-07-27,156400,-21.77,7,"c5_base_low",125700,-19.6291560102302,2026-07-23,"청산지연",2
122,"A009150","삼성전기",2026-07-24,2026-07-24,1428000,-3.92,0,"c1_swing_low",1203000,-15.7563025210084,2026-07-28,"청산선행",-2
122,"A009150","삼성전기",2026-07-24,2026-07-24,1428000,-3.92,0,"c2_20d_low",1163000,-18.5574229691877,2026-07-28,"청산선행",-2
122,"A009150","삼성전기",2026-07-24,2026-07-24,1428000,-3.92,0,"c3_ma20",1619800,13.4313725490196,2026-07-24,"청산지연",0
122,"A009150","삼성전기",2026-07-24,2026-07-24,1428000,-3.92,0,"c4_ma60",1534133.33333333,7.43230625583566,2026-07-24,"청산지연",0
122,"A009150","삼성전기",2026-07-24,2026-07-24,1428000,-3.92,0,"c5_base_low",1236000,-13.4453781512605,2026-07-28,"청산선행",-2
123,"A402340","SK스퀘어",2026-07-24,2026-07-24,1341250,-5.54,0,"c1_swing_low",1116000,-16.7940354147251,2026-07-24,"청산지연",0
123,"A402340","SK스퀘어",2026-07-24,2026-07-24,1341250,-5.54,0,"c2_20d_low",1086000,-19.0307548928239,2026-07-28,"청산선행",-2
123,"A402340","SK스퀘어",2026-07-24,2026-07-24,1341250,-5.54,0,"c3_ma20",1390550,3.67567567567568,2026-07-24,"청산지연",0
123,"A402340","SK스퀘어",2026-07-24,2026-07-24,1341250,-5.54,0,"c4_ma60",1307183.33333333,-2.53991922957441,2026-07-24,"청산지연",0
123,"A402340","SK스퀘어",2026-07-24,2026-07-24,1341250,-5.54,0,"c5_base_low",1156000,-13.81174277726,2026-07-24,"청산지연",0
124,"A229640","LS에코에너지",2026-07-27,2026-08-10,52700,-13.95,14,"c1_swing_low",39800,-24.4781783681214,2026-07-28,"청산지연",9
124,"A229640","LS에코에너지",2026-07-27,2026-08-10,52700,-13.95,14,"c2_20d_low",39800,-24.4781783681214,2026-07-28,"청산지연",9
124,"A229640","LS에코에너지",2026-07-27,2026-08-10,52700,-13.95,14,"c3_ma20",47560,-9.75332068311195,2026-07-27,"청산지연",10
124,"A229640","LS에코에너지",2026-07-27,2026-08-10,52700,-13.95,14,"c4_ma60",64291.6666666667,21.9955724225174,2026-07-27,"청산지연",10
124,"A229640","LS에코에너지",2026-07-27,2026-08-10,52700,-13.95,14,"c5_base_low",42800,-18.7855787476281,2026-07-28,"청산지연",9
125,"A005090","SGC에너지",2026-07-28,2026-08-10,53072.73,-6.83,13,"c1_swing_low",36600,-31.0380302652605,2026-07-30,"청산지연",7
125,"A005090","SGC에너지",2026-07-28,2026-08-10,53072.73,-6.83,13,"c2_20d_low",34600,-34.8064439119676,,"이탈없음(데이터끝)",
125,"A005090","SGC에너지",2026-07-28,2026-08-10,53072.73,-6.83,13,"c3_ma20",41532.5,-21.7441801090692,2026-07-28,"청산지연",9
125,"A005090","SGC에너지",2026-07-28,2026-08-10,53072.73,-6.83,13,"c4_ma60",48240,-9.10586284142535,2026-07-28,"청산지연",9
125,"A005090","SGC에너지",2026-07-28,2026-08-10,53072.73,-6.83,13,"c5_base_low",43050,-18.8848962546302,2026-07-28,"청산지연",9
126,"A463020","뉴엔AI",2026-08-06,2026-08-21,11361.86,-15.12,15,"c1_swing_low",7320,-35.5739289165682,,"이탈없음(데이터끝)",
126,"A463020","뉴엔AI",2026-08-06,2026-08-21,11361.86,-15.12,15,"c2_20d_low",5450,-52.032501720669,,"이탈없음(데이터끝)",
126,"A463020","뉴엔AI",2026-08-06,2026-08-21,11361.86,-15.12,15,"c3_ma20",7326,-35.5211206615818,,"이탈없음(데이터끝)",
126,"A463020","뉴엔AI",2026-08-06,2026-08-21,11361.86,-15.12,15,"c4_ma60",8628.16666666667,-24.060262433557,,"이탈없음(데이터끝)",
126,"A463020","뉴엔AI",2026-08-06,2026-08-21,11361.86,-15.12,15,"c5_base_low",7320,-35.5739289165682,,"이탈없음(데이터끝)",
127,"A108860","셀바스AI",2026-08-06,2026-08-13,11176.67,-3.07,7,"c1_swing_low",7250,-35.1327363159152,,"이탈없음(데이터끝)",
127,"A108860","셀바스AI",2026-08-06,2026-08-13,11176.67,-3.07,7,"c2_20d_low",6100,-45.4220264175287,,"이탈없음(데이터끝)",
127,"A108860","셀바스AI",2026-08-06,2026-08-13,11176.67,-3.07,7,"c3_ma20",7855.5,-29.7152013971961,,"이탈없음(데이터끝)",
127,"A108860","셀바스AI",2026-08-06,2026-08-13,11176.67,-3.07,7,"c4_ma60",8857.5,-20.7500981956164,,"이탈없음(데이터끝)",
127,"A108860","셀바스AI",2026-08-06,2026-08-13,11176.67,-3.07,7,"c5_base_low",8650,-22.6066440182988,,"이탈없음(데이터끝)",
128,"A035420","NAVER",2026-08-06,2026-08-10,226600,-0.71,4,"c1_swing_low",194100,-14.342453662842,,"이탈없음(데이터끝)",
128,"A035420","NAVER",2026-08-06,2026-08-10,226600,-0.71,4,"c2_20d_low",181100,-20.0794351279788,,"이탈없음(데이터끝)",
128,"A035420","NAVER",2026-08-06,2026-08-10,226600,-0.71,4,"c3_ma20",203305,-10.2802294792586,,"이탈없음(데이터끝)",
128,"A035420","NAVER",2026-08-06,2026-08-10,226600,-0.71,4,"c4_ma60",213793.333333333,-5.65166225360399,2026-08-07,"청산지연",1
128,"A035420","NAVER",2026-08-06,2026-08-10,226600,-0.71,4,"c5_base_low",201500,-11.0767872903795,,"이탈없음(데이터끝)",
129,"A377480","마음AI",2026-08-06,2026-08-13,12080,-4.14,7,"c1_swing_low",9150,-24.2549668874172,,"이탈없음(데이터끝)",
129,"A377480","마음AI",2026-08-06,2026-08-13,12080,-4.14,7,"c2_20d_low",7730,-36.0099337748344,,"이탈없음(데이터끝)",
129,"A377480","마음AI",2026-08-06,2026-08-13,12080,-4.14,7,"c3_ma20",9484.5,-21.4859271523179,,"이탈없음(데이터끝)",
129,"A377480","마음AI",2026-08-06,2026-08-13,12080,-4.14,7,"c4_ma60",11525.8333333333,-4.58747240618101,2026-08-06,"청산지연",5
129,"A377480","마음AI",2026-08-06,2026-08-13,12080,-4.14,7,"c5_base_low",10030,-16.9701986754967,,"이탈없음(데이터끝)",
130,"A304100","솔트룩스",2026-08-07,2026-08-20,18040,-7.34,13,"c1_swing_low",11880,-34.1463414634146,,"이탈없음(데이터끝)",
130,"A304100","솔트룩스",2026-08-07,2026-08-20,18040,-7.34,13,"c2_20d_low",9960,-44.7893569844789,,"이탈없음(데이터끝)",
130,"A304100","솔트룩스",2026-08-07,2026-08-20,18040,-7.34,13,"c3_ma20",12811.5,-28.9828159645233,,"이탈없음(데이터끝)",
130,"A304100","솔트룩스",2026-08-07,2026-08-20,18040,-7.34,13,"c4_ma60",14877.6666666667,-17.529563932003,,"이탈없음(데이터끝)",
130,"A304100","솔트룩스",2026-08-07,2026-08-20,18040,-7.34,13,"c5_base_low",17000,-5.76496674057649,2026-08-07,"청산지연",8
132,"A126340","비나텍",2026-08-18,2026-08-20,79559.57,-8.36,2,"c1_swing_low",67100,-15.6606804184588,2026-08-18,"청산지연",2
132,"A126340","비나텍",2026-08-18,2026-08-20,79559.57,-8.36,2,"c2_20d_low",43200,-45.7010639951925,,"이탈없음(데이터끝)",
132,"A126340","비나텍",2026-08-18,2026-08-20,79559.57,-8.36,2,"c3_ma20",63312.5,-20.4212642174914,2026-08-21,"청산선행",-1
132,"A126340","비나텍",2026-08-18,2026-08-20,79559.57,-8.36,2,"c4_ma60",90912.5,14.269722674469,2026-08-18,"청산지연",2
132,"A126340","비나텍",2026-08-18,2026-08-20,79559.57,-8.36,2,"c5_base_low",67100,-15.6606804184588,2026-08-18,"청산지연",2
