code,name,ccy,entry_date,exit_date,entry_px_avg,exit_px_avg,qty,n_fills,hold_days,ret_pct,reason
A475300,SOL 반도체전공정,KRW,2026-01-07,2026-01-15,12975.0,12340.0,1000.0,2,8,-4.89,"ohlc_error: R return code: 1
stderr:
code not in daily store: 475300
stdout:
"
A463050,TIME K바이오액티브,KRW,2026-01-12,2026-01-23,20390.0,17735.0,100.0,2,11,-13.02,"ohlc_error: R return code: 1
stderr:
code not in daily store: 463050
stdout:
"
A0117V0,TIGER 코리아AI전력기기TOP3플러스,KRW,2026-01-12,2026-01-13,12965.0,12827.5,2000.0,3,1,-1.06,foreign_listed_not_KRW_code
DRNZ.OQ,REX DRONE,USD,2026-01-14,2026-01-27,28.28,28.01,200.0,2,13,-0.95,foreign_listed_not_KRW_code
AVAV.OQ,에어로바이론먼트,USD,2026-01-14,2026-01-23,364.63,322.23,10.0,2,9,-11.63,foreign_listed_not_KRW_code
TEM.OQ,템퍼스 AI,USD,2026-01-14,2026-06-30,71.87,53.16,10.0,3,167,-26.03,foreign_listed_not_KRW_code
ASTS.OQ,AST 스페이스모바일,USD,2026-01-14,2026-02-06,103.62,102.86,93.0,4,23,-0.73,foreign_listed_not_KRW_code
A0090B0,PLUS K방산소부장,KRW,2026-01-14,2026-01-19,11255.0,10861.67,3000.0,5,5,-3.49,foreign_listed_not_KRW_code
A415920,PLUS 글로벌희토류&전략자원생산기업,KRW,2026-01-19,2026-02-20,9145.42,8772.5,1200.0,5,32,-4.08,"ohlc_error: R return code: 1
stderr:
code not in daily store: 415920
stdout:
"
A0080G0,KODEX 방산TOP10,KRW,2026-01-19,2026-01-30,13095.0,12750.0,500.0,2,11,-2.63,foreign_listed_not_KRW_code
A144600,KODEX 은선물(H),KRW,2026-01-19,2026-03-06,15651.43,13765.0,700.0,6,46,-12.05,"ohlc_error: R return code: 1
stderr:
code not in daily store: 144600
stdout:
"
ONDS.OQ,온다스,USD,2026-01-23,2026-06-09,13.92,10.86,500.0,4,137,-21.97,foreign_listed_not_KRW_code
LUNR.OQ,인튜이티브 머신스,USD,2026-01-23,2026-02-06,20.6,16.52,500.0,4,14,-19.82,foreign_listed_not_KRW_code
7181.JP,간포생명보험,JPY,2026-01-23,2026-03-27,4919.0,4881.0,100.0,2,63,-0.77,foreign_listed_not_KRW_code
RKLB.OQ,로켓 랩,USD,2026-01-23,2026-02-06,89.04,72.56,79.0,3,14,-18.51,foreign_listed_not_KRW_code
RCAT.OQ,레드 캣 홀딩스,USD,2026-01-23,2026-06-30,15.88,12.12,10.0,3,158,-23.67,foreign_listed_not_KRW_code
A138540,TIGER 현대차그룹플러스,KRW,2026-01-26,2026-01-28,63000.0,59190.0,200.0,3,2,-6.05,"ohlc_error: R return code: 1
stderr:
code not in daily store: 138540
stdout:
"
A469070,RISE AI&로봇,KRW,2026-01-27,2026-02-24,18443.33,16910.0,300.0,3,28,-8.31,"ohlc_error: R return code: 1
stderr:
code not in daily store: 469070
stdout:
"
AMAT.OQ,어플라이드 머티어리얼즈,USD,2026-01-29,2026-03-30,333.84,311.21,30.0,6,60,-6.78,foreign_listed_not_KRW_code
ASML.OQ,ASML 홀딩(ADR),USD,2026-01-29,2026-02-05,1450.37,1434.73,6.0,3,7,-1.08,foreign_listed_not_KRW_code
LRCX.OQ,램 리서치,USD,2026-01-29,2026-03-30,233.95,216.48,18.0,7,60,-7.47,foreign_listed_not_KRW_code
A138540,TIGER 현대차그룹플러스,KRW,2026-01-30,2026-02-09,57500.0,55980.0,300.0,2,10,-2.64,"ohlc_error: R return code: 1
stderr:
code not in daily store: 138540
stdout:
"
A0000J0,PLUS 한화그룹주,KRW,2026-02-06,2026-02-09,35495.0,35145.0,500.0,2,3,-0.99,foreign_listed_not_KRW_code
A469170,ACE 포스코그룹포커스,KRW,2026-02-09,2026-02-12,7350.0,7136.0,3000.0,3,3,-2.91,"ohlc_error: R return code: 1
stderr:
code not in daily store: 469170
stdout:
"
HL.NY,헤클라 마이닝,USD,2026-02-10,2026-03-16,22.76,21.14,1200.0,6,34,-7.13,foreign_listed_not_KRW_code
A0154F0,WON 초대형IB&금융지주,KRW,2026-02-11,2026-03-10,13929.65,13736.99,2648.0,8,27,-1.38,foreign_listed_not_KRW_code
IPGP.OQ,IPG 포토닉스,USD,2026-02-16,2026-03-03,140.2,128.0,29.0,3,15,-8.7,foreign_listed_not_KRW_code
A157500,TIGER 증권,KRW,2026-02-20,2026-04-01,19313.28,17454.0,2221.0,11,40,-9.63,"ohlc_error: R return code: 1
stderr:
code not in daily store: 157500
stdout:
"
A498860,RISE 코리아금융고배당,KRW,2026-02-24,2026-03-06,23027.86,21059.22,700.0,4,10,-8.55,"ohlc_error: R return code: 1
stderr:
code not in daily store: 498860
stdout:
"
A233160,TIGER 코스닥150 레버리지,KRW,2026-03-03,2026-03-10,22043.33,18675.0,3000.0,5,7,-15.28,"ohlc_error: R return code: 1
stderr:
code not in daily store: 233160
stdout:
"
A123320,TIGER 레버리지,KRW,2026-03-03,2026-03-09,85971.32,85836.4,2133.0,20,6,-0.16,"ohlc_error: R return code: 1
stderr:
code not in daily store: 123320
stdout:
"
A496080,TIGER 코리아밸류업,KRW,2026-03-09,2026-03-25,25257.5,24712.5,2000.0,4,16,-2.16,"ohlc_error: R return code: 1
stderr:
code not in daily store: 496080
stdout:
"
A233160,TIGER 코스닥150 레버리지,KRW,2026-03-10,2026-03-11,19850.0,18750.0,1000.0,2,1,-5.54,"ohlc_error: R return code: 1
stderr:
code not in daily store: 233160
stdout:
"
A139250,TIGER 200 에너지화학,KRW,2026-03-13,2026-03-13,17605.0,17605.0,2152.0,2,0,0.0,"ohlc_error: R return code: 1
stderr:
code not in daily store: 139250
stdout:
"
A243890,TIGER 200에너지화학레버리지,KRW,2026-03-24,2026-03-31,9575.0,8290.0,2000.0,3,7,-13.42,"ohlc_error: R return code: 1
stderr:
code not in daily store: 243890
stdout:
"
A139250,TIGER 200 에너지화학,KRW,2026-03-24,2026-03-30,17255.0,16935.0,3000.0,4,6,-1.85,"ohlc_error: R return code: 1
stderr:
code not in daily store: 139250
stdout:
"
VLO.NY,발레로 에너지,USD,2026-03-30,2026-05-12,248.76,235.38,31.0,4,43,-5.38,foreign_listed_not_KRW_code
A0154F0,WON 초대형IB&금융지주,KRW,2026-03-30,2026-04-02,13710.0,13025.0,1000.0,2,3,-5.0,foreign_listed_not_KRW_code
A0091P0,TIGER 코리아원자력,KRW,2026-04-20,2026-05-19,25200.0,23632.5,2000.0,3,29,-6.22,foreign_listed_not_KRW_code
OKLO.NY,오클로,USD,2026-04-27,2026-05-12,79.17,72.33,70.0,3,15,-8.64,foreign_listed_not_KRW_code
AXTI.OQ,AXT,USD,2026-05-12,2026-06-30,133.13,95.46,114.0,6,49,-28.29,foreign_listed_not_KRW_code
285A.JP,키오시아홀딩스,JPY,2026-05-12,2026-05-19,48343.33,42465.0,300.0,6,7,-12.16,foreign_listed_not_KRW_code
DOW.NY,다우,USD,2026-05-13,2026-05-28,37.88,35.74,400.0,3,15,-5.65,foreign_listed_not_KRW_code
NVTS.OQ,나비타스 세미컨덕터,USD,2026-05-13,2026-06-05,32.2,31.58,836.0,9,23,-1.93,foreign_listed_not_KRW_code
LYB.NY,라이온델바젤 인더스트리스,USD,2026-05-13,2026-05-28,72.22,70.04,200.0,3,15,-3.03,foreign_listed_not_KRW_code
NVTX.AX,TRADR NVTS DAILY 2X,USD,2026-05-28,2026-06-30,190.05,44.76,1.0,2,33,-76.45,foreign_listed_not_KRW_code
A0105D0,SOL 한국AI소프트웨어,KRW,2026-06-04,2026-06-08,13715.0,12898.0,5000.0,7,4,-5.96,foreign_listed_not_KRW_code
SPCX.OQ,스페이스X,USD,2026-06-17,2026-06-30,173.09,150.45,20.0,2,13,-13.08,foreign_listed_not_KRW_code
AMAT.OQ,어플라이드 머티어리얼즈,USD,2026-07-02,2026-07-15,726.0,574.51,6.0,2,13,-20.87,foreign_listed_not_KRW_code
SKHY.OQ,SK하이닉스(ADR),USD,2026-07-16,2026-07-29,176.13,140.94,76.0,3,13,-19.98,foreign_listed_not_KRW_code
A477850,마키나락스,KRW,2026-08-12,2026-08-21,32687.5,26150.0,400.0,3,9,-20.0,"ohlc_error: R return code: 1
stderr:
code not in daily store: 477850
stdout:
"
